[      81ms] [WARNING] [Vue Router warn]: The route named "Guide_wrap" has a child without a name and an empty path. Using that name won't render the empty path child so you probably want to move the name to the child instead. If this is intentional, add a name to the child route to remove the warning. @ webpack-internal:///./node_modules/vue-router/dist/devtools-EWN81iOl.mjs:142
[  410018ms] [WARNING] [Vue Router warn]: The route named "Guide_wrap" has a child without a name and an empty path. Using that name won't render the empty path child so you probably want to move the name to the child instead. If this is intentional, add a name to the child route to remove the warning. @ webpack-internal:///./node_modules/vue-router/dist/devtools-EWN81iOl.mjs:142
[  410128ms] [WARNING] Swiper Loop Warning: The number of slides is not enough for loop mode, it will be disabled or not function properly. You need to add more slides (or make duplicates) or lower the values of slidesPerView and slidesPerGroup parameters @ webpack-internal:///./node_modules/swiper/shared/utils.mjs:244
[  410149ms] [LOG] [video] JSHandle@node @ webpack-internal:///./node_modules/babel-loader/lib/index.js??clonedRuleSet-40.use[0]!./node_modules/vue-loader/dist/index.js??ruleSet[0].use[0]!./src/uiPub/gsrmain/gsrmain.vue?vue&type=script&lang=js:589
[  410149ms] [LOG] [hero] JSHandle@node @ webpack-internal:///./node_modules/babel-loader/lib/index.js??clonedRuleSet-40.use[0]!./node_modules/vue-loader/dist/index.js??ruleSet[0].use[0]!./src/uiPub/gsrmain/gsrmain.vue?vue&type=script&lang=js:590
[  419597ms] [WARNING] [Vue Router warn]: The route named "Guide_wrap" has a child without a name and an empty path. Using that name won't render the empty path child so you probably want to move the name to the child instead. If this is intentional, add a name to the child route to remove the warning. @ webpack-internal:///./node_modules/vue-router/dist/devtools-EWN81iOl.mjs:142
[  419696ms] [WARNING] Swiper Loop Warning: The number of slides is not enough for loop mode, it will be disabled or not function properly. You need to add more slides (or make duplicates) or lower the values of slidesPerView and slidesPerGroup parameters @ webpack-internal:///./node_modules/swiper/shared/utils.mjs:244
[  419709ms] [LOG] [video] JSHandle@node @ webpack-internal:///./node_modules/babel-loader/lib/index.js??clonedRuleSet-40.use[0]!./node_modules/vue-loader/dist/index.js??ruleSet[0].use[0]!./src/uiPub/gsrmain/gsrmain.vue?vue&type=script&lang=js:589
[  419710ms] [LOG] [hero] JSHandle@node @ webpack-internal:///./node_modules/babel-loader/lib/index.js??clonedRuleSet-40.use[0]!./node_modules/vue-loader/dist/index.js??ruleSet[0].use[0]!./src/uiPub/gsrmain/gsrmain.vue?vue&type=script&lang=js:590
[  438687ms] [WARNING] [Vue Router warn]: The route named "Guide_wrap" has a child without a name and an empty path. Using that name won't render the empty path child so you probably want to move the name to the child instead. If this is intentional, add a name to the child route to remove the warning. @ webpack-internal:///./node_modules/vue-router/dist/devtools-EWN81iOl.mjs:142
[  453680ms] [WARNING] [Vue Router warn]: The route named "Guide_wrap" has a child without a name and an empty path. Using that name won't render the empty path child so you probably want to move the name to the child instead. If this is intentional, add a name to the child route to remove the warning. @ webpack-internal:///./node_modules/vue-router/dist/devtools-EWN81iOl.mjs:142
[  477308ms] [WARNING] [Vue Router warn]: The route named "Guide_wrap" has a child without a name and an empty path. Using that name won't render the empty path child so you probably want to move the name to the child instead. If this is intentional, add a name to the child route to remove the warning. @ webpack-internal:///./node_modules/vue-router/dist/devtools-EWN81iOl.mjs:142
[  497842ms] [WARNING] [Vue Router warn]: The route named "Guide_wrap" has a child without a name and an empty path. Using that name won't render the empty path child so you probably want to move the name to the child instead. If this is intentional, add a name to the child route to remove the warning. @ webpack-internal:///./node_modules/vue-router/dist/devtools-EWN81iOl.mjs:142
[  517826ms] [WARNING] [Vue Router warn]: The route named "Guide_wrap" has a child without a name and an empty path. Using that name won't render the empty path child so you probably want to move the name to the child instead. If this is intentional, add a name to the child route to remove the warning. @ webpack-internal:///./node_modules/vue-router/dist/devtools-EWN81iOl.mjs:142
[  534618ms] [WARNING] [Vue Router warn]: The route named "Guide_wrap" has a child without a name and an empty path. Using that name won't render the empty path child so you probably want to move the name to the child instead. If this is intentional, add a name to the child route to remove the warning. @ webpack-internal:///./node_modules/vue-router/dist/devtools-EWN81iOl.mjs:142
[  534811ms] [WARNING] [Vue warn]: Property "name" was accessed during render but is not defined on instance. 
  at <Gsrbr010101 onVnodeUnmounted=fn<onVnodeUnmounted> ref=Ref< undefined > lang="ko" > 
  at <RouterView> 
  at <App onVnodeUnmounted=fn<onVnodeUnmounted> ref=Ref< undefined > lang="ko" > 
  at <RouterView> 
  at <App> @ webpack-internal:///./node_modules/@vue/runtime-core/dist/runtime-core.esm-bundler.js:252
[  534811ms] [WARNING] [Vue warn]: Property "name" was accessed during render but is not defined on instance. 
  at <Gsrbr010101 onVnodeUnmounted=fn<onVnodeUnmounted> ref=Ref< undefined > lang="ko" > 
  at <RouterView> 
  at <App onVnodeUnmounted=fn<onVnodeUnmounted> ref=Ref< undefined > lang="ko" > 
  at <RouterView> 
  at <App> @ webpack-internal:///./node_modules/@vue/runtime-core/dist/runtime-core.esm-bundler.js:252
[  534812ms] [WARNING] [Vue warn]: Property "name" was accessed during render but is not defined on instance. 
  at <Gsrbr010101 onVnodeUnmounted=fn<onVnodeUnmounted> ref=Ref< undefined > lang="ko" > 
  at <RouterView> 
  at <App onVnodeUnmounted=fn<onVnodeUnmounted> ref=Ref< undefined > lang="ko" > 
  at <RouterView> 
  at <App> @ webpack-internal:///./node_modules/@vue/runtime-core/dist/runtime-core.esm-bundler.js:252
[  534812ms] [WARNING] [Vue warn]: Property "name" was accessed during render but is not defined on instance. 
  at <Gsrbr010101 onVnodeUnmounted=fn<onVnodeUnmounted> ref=Ref< undefined > lang="ko" > 
  at <RouterView> 
  at <App onVnodeUnmounted=fn<onVnodeUnmounted> ref=Ref< undefined > lang="ko" > 
  at <RouterView> 
  at <App> @ webpack-internal:///./node_modules/@vue/runtime-core/dist/runtime-core.esm-bundler.js:252
[  534812ms] [WARNING] [Vue warn]: Property "name" was accessed during render but is not defined on instance. 
  at <Gsrbr010101 onVnodeUnmounted=fn<onVnodeUnmounted> ref=Ref< undefined > lang="ko" > 
  at <RouterView> 
  at <App onVnodeUnmounted=fn<onVnodeUnmounted> ref=Ref< undefined > lang="ko" > 
  at <RouterView> 
  at <App> @ webpack-internal:///./node_modules/@vue/runtime-core/dist/runtime-core.esm-bundler.js:252
[  534813ms] [WARNING] [Vue warn]: Property "name" was accessed during render but is not defined on instance. 
  at <Gsrbr010101 onVnodeUnmounted=fn<onVnodeUnmounted> ref=Ref< undefined > lang="ko" > 
  at <RouterView> 
  at <App onVnodeUnmounted=fn<onVnodeUnmounted> ref=Ref< undefined > lang="ko" > 
  at <RouterView> 
  at <App> @ webpack-internal:///./node_modules/@vue/runtime-core/dist/runtime-core.esm-bundler.js:252
[  534813ms] [WARNING] [Vue warn]: Property "name" was accessed during render but is not defined on instance. 
  at <Gsrbr010101 onVnodeUnmounted=fn<onVnodeUnmounted> ref=Ref< undefined > lang="ko" > 
  at <RouterView> 
  at <App onVnodeUnmounted=fn<onVnodeUnmounted> ref=Ref< undefined > lang="ko" > 
  at <RouterView> 
  at <App> @ webpack-internal:///./node_modules/@vue/runtime-core/dist/runtime-core.esm-bundler.js:252
[  534813ms] [WARNING] [Vue warn]: Property "name" was accessed during render but is not defined on instance. 
  at <Gsrbr010101 onVnodeUnmounted=fn<onVnodeUnmounted> ref=Ref< undefined > lang="ko" > 
  at <RouterView> 
  at <App onVnodeUnmounted=fn<onVnodeUnmounted> ref=Ref< undefined > lang="ko" > 
  at <RouterView> 
  at <App> @ webpack-internal:///./node_modules/@vue/runtime-core/dist/runtime-core.esm-bundler.js:252
[  534814ms] [WARNING] [Vue warn]: Property "name" was accessed during render but is not defined on instance. 
  at <Gsrbr010101 onVnodeUnmounted=fn<onVnodeUnmounted> ref=Ref< undefined > lang="ko" > 
  at <RouterView> 
  at <App onVnodeUnmounted=fn<onVnodeUnmounted> ref=Ref< undefined > lang="ko" > 
  at <RouterView> 
  at <App> @ webpack-internal:///./node_modules/@vue/runtime-core/dist/runtime-core.esm-bundler.js:252
[  534814ms] [WARNING] [Vue warn]: Property "name" was accessed during render but is not defined on instance. 
  at <Gsrbr010101 onVnodeUnmounted=fn<onVnodeUnmounted> ref=Ref< undefined > lang="ko" > 
  at <RouterView> 
  at <App onVnodeUnmounted=fn<onVnodeUnmounted> ref=Ref< undefined > lang="ko" > 
  at <RouterView> 
  at <App> @ webpack-internal:///./node_modules/@vue/runtime-core/dist/runtime-core.esm-bundler.js:252
[  534814ms] [WARNING] [Vue warn]: Property "name" was accessed during render but is not defined on instance. 
  at <Gsrbr010101 onVnodeUnmounted=fn<onVnodeUnmounted> ref=Ref< undefined > lang="ko" > 
  at <RouterView> 
  at <App onVnodeUnmounted=fn<onVnodeUnmounted> ref=Ref< undefined > lang="ko" > 
  at <RouterView> 
  at <App> @ webpack-internal:///./node_modules/@vue/runtime-core/dist/runtime-core.esm-bundler.js:252
[  536128ms] [WARNING] [Vue warn]: Property "name" was accessed during render but is not defined on instance. 
  at <Gsrbr010101 onVnodeUnmounted=fn<onVnodeUnmounted> ref=Ref< Proxy(Object) > lang="en" > 
  at <RouterView> 
  at <App onVnodeUnmounted=fn<onVnodeUnmounted> ref=Ref< Proxy(Object) > lang="en" > 
  at <RouterView> 
  at <App> @ webpack-internal:///./node_modules/@vue/runtime-core/dist/runtime-core.esm-bundler.js:252
[  536128ms] [WARNING] [Vue warn]: Property "name" was accessed during render but is not defined on instance. 
  at <Gsrbr010101 onVnodeUnmounted=fn<onVnodeUnmounted> ref=Ref< Proxy(Object) > lang="en" > 
  at <RouterView> 
  at <App onVnodeUnmounted=fn<onVnodeUnmounted> ref=Ref< Proxy(Object) > lang="en" > 
  at <RouterView> 
  at <App> @ webpack-internal:///./node_modules/@vue/runtime-core/dist/runtime-core.esm-bundler.js:252
[  536129ms] [WARNING] [Vue warn]: Property "name" was accessed during render but is not defined on instance. 
  at <Gsrbr010101 onVnodeUnmounted=fn<onVnodeUnmounted> ref=Ref< Proxy(Object) > lang="en" > 
  at <RouterView> 
  at <App onVnodeUnmounted=fn<onVnodeUnmounted> ref=Ref< Proxy(Object) > lang="en" > 
  at <RouterView> 
  at <App> @ webpack-internal:///./node_modules/@vue/runtime-core/dist/runtime-core.esm-bundler.js:252
[  536129ms] [WARNING] [Vue warn]: Property "name" was accessed during render but is not defined on instance. 
  at <Gsrbr010101 onVnodeUnmounted=fn<onVnodeUnmounted> ref=Ref< Proxy(Object) > lang="en" > 
  at <RouterView> 
  at <App onVnodeUnmounted=fn<onVnodeUnmounted> ref=Ref< Proxy(Object) > lang="en" > 
  at <RouterView> 
  at <App> @ webpack-internal:///./node_modules/@vue/runtime-core/dist/runtime-core.esm-bundler.js:252
[  536130ms] [WARNING] [Vue warn]: Property "name" was accessed during render but is not defined on instance. 
  at <Gsrbr010101 onVnodeUnmounted=fn<onVnodeUnmounted> ref=Ref< Proxy(Object) > lang="en" > 
  at <RouterView> 
  at <App onVnodeUnmounted=fn<onVnodeUnmounted> ref=Ref< Proxy(Object) > lang="en" > 
  at <RouterView> 
  at <App> @ webpack-internal:///./node_modules/@vue/runtime-core/dist/runtime-core.esm-bundler.js:252
[  536130ms] [WARNING] [Vue warn]: Property "name" was accessed during render but is not defined on instance. 
  at <Gsrbr010101 onVnodeUnmounted=fn<onVnodeUnmounted> ref=Ref< Proxy(Object) > lang="en" > 
  at <RouterView> 
  at <App onVnodeUnmounted=fn<onVnodeUnmounted> ref=Ref< Proxy(Object) > lang="en" > 
  at <RouterView> 
  at <App> @ webpack-internal:///./node_modules/@vue/runtime-core/dist/runtime-core.esm-bundler.js:252
[  536130ms] [WARNING] [Vue warn]: Property "name" was accessed during render but is not defined on instance. 
  at <Gsrbr010101 onVnodeUnmounted=fn<onVnodeUnmounted> ref=Ref< Proxy(Object) > lang="en" > 
  at <RouterView> 
  at <App onVnodeUnmounted=fn<onVnodeUnmounted> ref=Ref< Proxy(Object) > lang="en" > 
  at <RouterView> 
  at <App> @ webpack-internal:///./node_modules/@vue/runtime-core/dist/runtime-core.esm-bundler.js:252
[  536131ms] [WARNING] [Vue warn]: Property "name" was accessed during render but is not defined on instance. 
  at <Gsrbr010101 onVnodeUnmounted=fn<onVnodeUnmounted> ref=Ref< Proxy(Object) > lang="en" > 
  at <RouterView> 
  at <App onVnodeUnmounted=fn<onVnodeUnmounted> ref=Ref< Proxy(Object) > lang="en" > 
  at <RouterView> 
  at <App> @ webpack-internal:///./node_modules/@vue/runtime-core/dist/runtime-core.esm-bundler.js:252
[  536132ms] [WARNING] [Vue warn]: Property "name" was accessed during render but is not defined on instance. 
  at <Gsrbr010101 onVnodeUnmounted=fn<onVnodeUnmounted> ref=Ref< Proxy(Object) > lang="en" > 
  at <RouterView> 
  at <App onVnodeUnmounted=fn<onVnodeUnmounted> ref=Ref< Proxy(Object) > lang="en" > 
  at <RouterView> 
  at <App> @ webpack-internal:///./node_modules/@vue/runtime-core/dist/runtime-core.esm-bundler.js:252
[  536132ms] [WARNING] [Vue warn]: Property "name" was accessed during render but is not defined on instance. 
  at <Gsrbr010101 onVnodeUnmounted=fn<onVnodeUnmounted> ref=Ref< Proxy(Object) > lang="en" > 
  at <RouterView> 
  at <App onVnodeUnmounted=fn<onVnodeUnmounted> ref=Ref< Proxy(Object) > lang="en" > 
  at <RouterView> 
  at <App> @ webpack-internal:///./node_modules/@vue/runtime-core/dist/runtime-core.esm-bundler.js:252
[  536133ms] [WARNING] [Vue warn]: Property "name" was accessed during render but is not defined on instance. 
  at <Gsrbr010101 onVnodeUnmounted=fn<onVnodeUnmounted> ref=Ref< Proxy(Object) > lang="en" > 
  at <RouterView> 
  at <App onVnodeUnmounted=fn<onVnodeUnmounted> ref=Ref< Proxy(Object) > lang="en" > 
  at <RouterView> 
  at <App> @ webpack-internal:///./node_modules/@vue/runtime-core/dist/runtime-core.esm-bundler.js:252
[  540997ms] [WARNING] [Vue warn]: Property "name" was accessed during render but is not defined on instance. 
  at <Gsrbr010101 onVnodeUnmounted=fn<onVnodeUnmounted> ref=Ref< Proxy(Object) > lang="en" > 
  at <RouterView> 
  at <App onVnodeUnmounted=fn<onVnodeUnmounted> ref=Ref< Proxy(Object) > lang="en" > 
  at <RouterView> 
  at <App> @ webpack-internal:///./node_modules/@vue/runtime-core/dist/runtime-core.esm-bundler.js:252
[  540998ms] [WARNING] [Vue warn]: Property "name" was accessed during render but is not defined on instance. 
  at <Gsrbr010101 onVnodeUnmounted=fn<onVnodeUnmounted> ref=Ref< Proxy(Object) > lang="en" > 
  at <RouterView> 
  at <App onVnodeUnmounted=fn<onVnodeUnmounted> ref=Ref< Proxy(Object) > lang="en" > 
  at <RouterView> 
  at <App> @ webpack-internal:///./node_modules/@vue/runtime-core/dist/runtime-core.esm-bundler.js:252
[  540998ms] [WARNING] [Vue warn]: Property "name" was accessed during render but is not defined on instance. 
  at <Gsrbr010101 onVnodeUnmounted=fn<onVnodeUnmounted> ref=Ref< Proxy(Object) > lang="en" > 
  at <RouterView> 
  at <App onVnodeUnmounted=fn<onVnodeUnmounted> ref=Ref< Proxy(Object) > lang="en" > 
  at <RouterView> 
  at <App> @ webpack-internal:///./node_modules/@vue/runtime-core/dist/runtime-core.esm-bundler.js:252
[  540998ms] [WARNING] [Vue warn]: Property "name" was accessed during render but is not defined on instance. 
  at <Gsrbr010101 onVnodeUnmounted=fn<onVnodeUnmounted> ref=Ref< Proxy(Object) > lang="en" > 
  at <RouterView> 
  at <App onVnodeUnmounted=fn<onVnodeUnmounted> ref=Ref< Proxy(Object) > lang="en" > 
  at <RouterView> 
  at <App> @ webpack-internal:///./node_modules/@vue/runtime-core/dist/runtime-core.esm-bundler.js:252
[  540999ms] [WARNING] [Vue warn]: Property "name" was accessed during render but is not defined on instance. 
  at <Gsrbr010101 onVnodeUnmounted=fn<onVnodeUnmounted> ref=Ref< Proxy(Object) > lang="en" > 
  at <RouterView> 
  at <App onVnodeUnmounted=fn<onVnodeUnmounted> ref=Ref< Proxy(Object) > lang="en" > 
  at <RouterView> 
  at <App> @ webpack-internal:///./node_modules/@vue/runtime-core/dist/runtime-core.esm-bundler.js:252
[  540999ms] [WARNING] [Vue warn]: Property "name" was accessed during render but is not defined on instance. 
  at <Gsrbr010101 onVnodeUnmounted=fn<onVnodeUnmounted> ref=Ref< Proxy(Object) > lang="en" > 
  at <RouterView> 
  at <App onVnodeUnmounted=fn<onVnodeUnmounted> ref=Ref< Proxy(Object) > lang="en" > 
  at <RouterView> 
  at <App> @ webpack-internal:///./node_modules/@vue/runtime-core/dist/runtime-core.esm-bundler.js:252
[  540999ms] [WARNING] [Vue warn]: Property "name" was accessed during render but is not defined on instance. 
  at <Gsrbr010101 onVnodeUnmounted=fn<onVnodeUnmounted> ref=Ref< Proxy(Object) > lang="en" > 
  at <RouterView> 
  at <App onVnodeUnmounted=fn<onVnodeUnmounted> ref=Ref< Proxy(Object) > lang="en" > 
  at <RouterView> 
  at <App> @ webpack-internal:///./node_modules/@vue/runtime-core/dist/runtime-core.esm-bundler.js:252
[  541000ms] [WARNING] [Vue warn]: Property "name" was accessed during render but is not defined on instance. 
  at <Gsrbr010101 onVnodeUnmounted=fn<onVnodeUnmounted> ref=Ref< Proxy(Object) > lang="en" > 
  at <RouterView> 
  at <App onVnodeUnmounted=fn<onVnodeUnmounted> ref=Ref< Proxy(Object) > lang="en" > 
  at <RouterView> 
  at <App> @ webpack-internal:///./node_modules/@vue/runtime-core/dist/runtime-core.esm-bundler.js:252
[  541000ms] [WARNING] [Vue warn]: Property "name" was accessed during render but is not defined on instance. 
  at <Gsrbr010101 onVnodeUnmounted=fn<onVnodeUnmounted> ref=Ref< Proxy(Object) > lang="en" > 
  at <RouterView> 
  at <App onVnodeUnmounted=fn<onVnodeUnmounted> ref=Ref< Proxy(Object) > lang="en" > 
  at <RouterView> 
  at <App> @ webpack-internal:///./node_modules/@vue/runtime-core/dist/runtime-core.esm-bundler.js:252
[  541000ms] [WARNING] [Vue warn]: Property "name" was accessed during render but is not defined on instance. 
  at <Gsrbr010101 onVnodeUnmounted=fn<onVnodeUnmounted> ref=Ref< Proxy(Object) > lang="en" > 
  at <RouterView> 
  at <App onVnodeUnmounted=fn<onVnodeUnmounted> ref=Ref< Proxy(Object) > lang="en" > 
  at <RouterView> 
  at <App> @ webpack-internal:///./node_modules/@vue/runtime-core/dist/runtime-core.esm-bundler.js:252
[  541000ms] [WARNING] [Vue warn]: Property "name" was accessed during render but is not defined on instance. 
  at <Gsrbr010101 onVnodeUnmounted=fn<onVnodeUnmounted> ref=Ref< Proxy(Object) > lang="en" > 
  at <RouterView> 
  at <App onVnodeUnmounted=fn<onVnodeUnmounted> ref=Ref< Proxy(Object) > lang="en" > 
  at <RouterView> 
  at <App> @ webpack-internal:///./node_modules/@vue/runtime-core/dist/runtime-core.esm-bundler.js:252
[  542262ms] [WARNING] [Vue warn]: Property "name" was accessed during render but is not defined on instance. 
  at <Gsrbr010101 onVnodeUnmounted=fn<onVnodeUnmounted> ref=Ref< Proxy(Object) > lang="en" > 
  at <RouterView> 
  at <App onVnodeUnmounted=fn<onVnodeUnmounted> ref=Ref< Proxy(Object) > lang="en" > 
  at <RouterView> 
  at <App> @ webpack-internal:///./node_modules/@vue/runtime-core/dist/runtime-core.esm-bundler.js:252
[  542262ms] [WARNING] [Vue warn]: Property "name" was accessed during render but is not defined on instance. 
  at <Gsrbr010101 onVnodeUnmounted=fn<onVnodeUnmounted> ref=Ref< Proxy(Object) > lang="en" > 
  at <RouterView> 
  at <App onVnodeUnmounted=fn<onVnodeUnmounted> ref=Ref< Proxy(Object) > lang="en" > 
  at <RouterView> 
  at <App> @ webpack-internal:///./node_modules/@vue/runtime-core/dist/runtime-core.esm-bundler.js:252
[  542263ms] [WARNING] [Vue warn]: Property "name" was accessed during render but is not defined on instance. 
  at <Gsrbr010101 onVnodeUnmounted=fn<onVnodeUnmounted> ref=Ref< Proxy(Object) > lang="en" > 
  at <RouterView> 
  at <App onVnodeUnmounted=fn<onVnodeUnmounted> ref=Ref< Proxy(Object) > lang="en" > 
  at <RouterView> 
  at <App> @ webpack-internal:///./node_modules/@vue/runtime-core/dist/runtime-core.esm-bundler.js:252
[  542263ms] [WARNING] [Vue warn]: Property "name" was accessed during render but is not defined on instance. 
  at <Gsrbr010101 onVnodeUnmounted=fn<onVnodeUnmounted> ref=Ref< Proxy(Object) > lang="en" > 
  at <RouterView> 
  at <App onVnodeUnmounted=fn<onVnodeUnmounted> ref=Ref< Proxy(Object) > lang="en" > 
  at <RouterView> 
  at <App> @ webpack-internal:///./node_modules/@vue/runtime-core/dist/runtime-core.esm-bundler.js:252
[  542263ms] [WARNING] [Vue warn]: Property "name" was accessed during render but is not defined on instance. 
  at <Gsrbr010101 onVnodeUnmounted=fn<onVnodeUnmounted> ref=Ref< Proxy(Object) > lang="en" > 
  at <RouterView> 
  at <App onVnodeUnmounted=fn<onVnodeUnmounted> ref=Ref< Proxy(Object) > lang="en" > 
  at <RouterView> 
  at <App> @ webpack-internal:///./node_modules/@vue/runtime-core/dist/runtime-core.esm-bundler.js:252
[  542263ms] [WARNING] [Vue warn]: Property "name" was accessed during render but is not defined on instance. 
  at <Gsrbr010101 onVnodeUnmounted=fn<onVnodeUnmounted> ref=Ref< Proxy(Object) > lang="en" > 
  at <RouterView> 
  at <App onVnodeUnmounted=fn<onVnodeUnmounted> ref=Ref< Proxy(Object) > lang="en" > 
  at <RouterView> 
  at <App> @ webpack-internal:///./node_modules/@vue/runtime-core/dist/runtime-core.esm-bundler.js:252
[  542264ms] [WARNING] [Vue warn]: Property "name" was accessed during render but is not defined on instance. 
  at <Gsrbr010101 onVnodeUnmounted=fn<onVnodeUnmounted> ref=Ref< Proxy(Object) > lang="en" > 
  at <RouterView> 
  at <App onVnodeUnmounted=fn<onVnodeUnmounted> ref=Ref< Proxy(Object) > lang="en" > 
  at <RouterView> 
  at <App> @ webpack-internal:///./node_modules/@vue/runtime-core/dist/runtime-core.esm-bundler.js:252
[  542264ms] [WARNING] [Vue warn]: Property "name" was accessed during render but is not defined on instance. 
  at <Gsrbr010101 onVnodeUnmounted=fn<onVnodeUnmounted> ref=Ref< Proxy(Object) > lang="en" > 
  at <RouterView> 
  at <App onVnodeUnmounted=fn<onVnodeUnmounted> ref=Ref< Proxy(Object) > lang="en" > 
  at <RouterView> 
  at <App> @ webpack-internal:///./node_modules/@vue/runtime-core/dist/runtime-core.esm-bundler.js:252
[  542264ms] [WARNING] [Vue warn]: Property "name" was accessed during render but is not defined on instance. 
  at <Gsrbr010101 onVnodeUnmounted=fn<onVnodeUnmounted> ref=Ref< Proxy(Object) > lang="en" > 
  at <RouterView> 
  at <App onVnodeUnmounted=fn<onVnodeUnmounted> ref=Ref< Proxy(Object) > lang="en" > 
  at <RouterView> 
  at <App> @ webpack-internal:///./node_modules/@vue/runtime-core/dist/runtime-core.esm-bundler.js:252
[  542265ms] [WARNING] [Vue warn]: Property "name" was accessed during render but is not defined on instance. 
  at <Gsrbr010101 onVnodeUnmounted=fn<onVnodeUnmounted> ref=Ref< Proxy(Object) > lang="en" > 
  at <RouterView> 
  at <App onVnodeUnmounted=fn<onVnodeUnmounted> ref=Ref< Proxy(Object) > lang="en" > 
  at <RouterView> 
  at <App> @ webpack-internal:///./node_modules/@vue/runtime-core/dist/runtime-core.esm-bundler.js:252
[  542265ms] [WARNING] [Vue warn]: Property "name" was accessed during render but is not defined on instance. 
  at <Gsrbr010101 onVnodeUnmounted=fn<onVnodeUnmounted> ref=Ref< Proxy(Object) > lang="en" > 
  at <RouterView> 
  at <App onVnodeUnmounted=fn<onVnodeUnmounted> ref=Ref< Proxy(Object) > lang="en" > 
  at <RouterView> 
  at <App> @ webpack-internal:///./node_modules/@vue/runtime-core/dist/runtime-core.esm-bundler.js:252
[  543438ms] [WARNING] [Vue warn]: Property "name" was accessed during render but is not defined on instance. 
  at <Gsrbr010101 onVnodeUnmounted=fn<onVnodeUnmounted> ref=Ref< Proxy(Object) > lang="en" > 
  at <RouterView> 
  at <App onVnodeUnmounted=fn<onVnodeUnmounted> ref=Ref< Proxy(Object) > lang="en" > 
  at <RouterView> 
  at <App> @ webpack-internal:///./node_modules/@vue/runtime-core/dist/runtime-core.esm-bundler.js:252
[  543439ms] [WARNING] [Vue warn]: Property "name" was accessed during render but is not defined on instance. 
  at <Gsrbr010101 onVnodeUnmounted=fn<onVnodeUnmounted> ref=Ref< Proxy(Object) > lang="en" > 
  at <RouterView> 
  at <App onVnodeUnmounted=fn<onVnodeUnmounted> ref=Ref< Proxy(Object) > lang="en" > 
  at <RouterView> 
  at <App> @ webpack-internal:///./node_modules/@vue/runtime-core/dist/runtime-core.esm-bundler.js:252
[  543439ms] [WARNING] [Vue warn]: Property "name" was accessed during render but is not defined on instance. 
  at <Gsrbr010101 onVnodeUnmounted=fn<onVnodeUnmounted> ref=Ref< Proxy(Object) > lang="en" > 
  at <RouterView> 
  at <App onVnodeUnmounted=fn<onVnodeUnmounted> ref=Ref< Proxy(Object) > lang="en" > 
  at <RouterView> 
  at <App> @ webpack-internal:///./node_modules/@vue/runtime-core/dist/runtime-core.esm-bundler.js:252
[  543439ms] [WARNING] [Vue warn]: Property "name" was accessed during render but is not defined on instance. 
  at <Gsrbr010101 onVnodeUnmounted=fn<onVnodeUnmounted> ref=Ref< Proxy(Object) > lang="en" > 
  at <RouterView> 
  at <App onVnodeUnmounted=fn<onVnodeUnmounted> ref=Ref< Proxy(Object) > lang="en" > 
  at <RouterView> 
  at <App> @ webpack-internal:///./node_modules/@vue/runtime-core/dist/runtime-core.esm-bundler.js:252
[  543440ms] [WARNING] [Vue warn]: Property "name" was accessed during render but is not defined on instance. 
  at <Gsrbr010101 onVnodeUnmounted=fn<onVnodeUnmounted> ref=Ref< Proxy(Object) > lang="en" > 
  at <RouterView> 
  at <App onVnodeUnmounted=fn<onVnodeUnmounted> ref=Ref< Proxy(Object) > lang="en" > 
  at <RouterView> 
  at <App> @ webpack-internal:///./node_modules/@vue/runtime-core/dist/runtime-core.esm-bundler.js:252
[  543440ms] [WARNING] [Vue warn]: Property "name" was accessed during render but is not defined on instance. 
  at <Gsrbr010101 onVnodeUnmounted=fn<onVnodeUnmounted> ref=Ref< Proxy(Object) > lang="en" > 
  at <RouterView> 
  at <App onVnodeUnmounted=fn<onVnodeUnmounted> ref=Ref< Proxy(Object) > lang="en" > 
  at <RouterView> 
  at <App> @ webpack-internal:///./node_modules/@vue/runtime-core/dist/runtime-core.esm-bundler.js:252
[  543440ms] [WARNING] [Vue warn]: Property "name" was accessed during render but is not defined on instance. 
  at <Gsrbr010101 onVnodeUnmounted=fn<onVnodeUnmounted> ref=Ref< Proxy(Object) > lang="en" > 
  at <RouterView> 
  at <App onVnodeUnmounted=fn<onVnodeUnmounted> ref=Ref< Proxy(Object) > lang="en" > 
  at <RouterView> 
  at <App> @ webpack-internal:///./node_modules/@vue/runtime-core/dist/runtime-core.esm-bundler.js:252
[  543441ms] [WARNING] [Vue warn]: Property "name" was accessed during render but is not defined on instance. 
  at <Gsrbr010101 onVnodeUnmounted=fn<onVnodeUnmounted> ref=Ref< Proxy(Object) > lang="en" > 
  at <RouterView> 
  at <App onVnodeUnmounted=fn<onVnodeUnmounted> ref=Ref< Proxy(Object) > lang="en" > 
  at <RouterView> 
  at <App> @ webpack-internal:///./node_modules/@vue/runtime-core/dist/runtime-core.esm-bundler.js:252
[  543441ms] [WARNING] [Vue warn]: Property "name" was accessed during render but is not defined on instance. 
  at <Gsrbr010101 onVnodeUnmounted=fn<onVnodeUnmounted> ref=Ref< Proxy(Object) > lang="en" > 
  at <RouterView> 
  at <App onVnodeUnmounted=fn<onVnodeUnmounted> ref=Ref< Proxy(Object) > lang="en" > 
  at <RouterView> 
  at <App> @ webpack-internal:///./node_modules/@vue/runtime-core/dist/runtime-core.esm-bundler.js:252
[  543441ms] [WARNING] [Vue warn]: Property "name" was accessed during render but is not defined on instance. 
  at <Gsrbr010101 onVnodeUnmounted=fn<onVnodeUnmounted> ref=Ref< Proxy(Object) > lang="en" > 
  at <RouterView> 
  at <App onVnodeUnmounted=fn<onVnodeUnmounted> ref=Ref< Proxy(Object) > lang="en" > 
  at <RouterView> 
  at <App> @ webpack-internal:///./node_modules/@vue/runtime-core/dist/runtime-core.esm-bundler.js:252
[  543442ms] [WARNING] [Vue warn]: Property "name" was accessed during render but is not defined on instance. 
  at <Gsrbr010101 onVnodeUnmounted=fn<onVnodeUnmounted> ref=Ref< Proxy(Object) > lang="en" > 
  at <RouterView> 
  at <App onVnodeUnmounted=fn<onVnodeUnmounted> ref=Ref< Proxy(Object) > lang="en" > 
  at <RouterView> 
  at <App> @ webpack-internal:///./node_modules/@vue/runtime-core/dist/runtime-core.esm-bundler.js:252
[  546053ms] [WARNING] [Vue warn]: Property "name" was accessed during render but is not defined on instance. 
  at <Gsrbr010101 onVnodeUnmounted=fn<onVnodeUnmounted> ref=Ref< Proxy(Object) > lang="en" > 
  at <RouterView> 
  at <App onVnodeUnmounted=fn<onVnodeUnmounted> ref=Ref< Proxy(Object) > lang="en" > 
  at <RouterView> 
  at <App> @ webpack-internal:///./node_modules/@vue/runtime-core/dist/runtime-core.esm-bundler.js:252
[  546054ms] [WARNING] [Vue warn]: Property "name" was accessed during render but is not defined on instance. 
  at <Gsrbr010101 onVnodeUnmounted=fn<onVnodeUnmounted> ref=Ref< Proxy(Object) > lang="en" > 
  at <RouterView> 
  at <App onVnodeUnmounted=fn<onVnodeUnmounted> ref=Ref< Proxy(Object) > lang="en" > 
  at <RouterView> 
  at <App> @ webpack-internal:///./node_modules/@vue/runtime-core/dist/runtime-core.esm-bundler.js:252
[  546054ms] [WARNING] [Vue warn]: Property "name" was accessed during render but is not defined on instance. 
  at <Gsrbr010101 onVnodeUnmounted=fn<onVnodeUnmounted> ref=Ref< Proxy(Object) > lang="en" > 
  at <RouterView> 
  at <App onVnodeUnmounted=fn<onVnodeUnmounted> ref=Ref< Proxy(Object) > lang="en" > 
  at <RouterView> 
  at <App> @ webpack-internal:///./node_modules/@vue/runtime-core/dist/runtime-core.esm-bundler.js:252
[  546054ms] [WARNING] [Vue warn]: Property "name" was accessed during render but is not defined on instance. 
  at <Gsrbr010101 onVnodeUnmounted=fn<onVnodeUnmounted> ref=Ref< Proxy(Object) > lang="en" > 
  at <RouterView> 
  at <App onVnodeUnmounted=fn<onVnodeUnmounted> ref=Ref< Proxy(Object) > lang="en" > 
  at <RouterView> 
  at <App> @ webpack-internal:///./node_modules/@vue/runtime-core/dist/runtime-core.esm-bundler.js:252
[  546055ms] [WARNING] [Vue warn]: Property "name" was accessed during render but is not defined on instance. 
  at <Gsrbr010101 onVnodeUnmounted=fn<onVnodeUnmounted> ref=Ref< Proxy(Object) > lang="en" > 
  at <RouterView> 
  at <App onVnodeUnmounted=fn<onVnodeUnmounted> ref=Ref< Proxy(Object) > lang="en" > 
  at <RouterView> 
  at <App> @ webpack-internal:///./node_modules/@vue/runtime-core/dist/runtime-core.esm-bundler.js:252
[  546055ms] [WARNING] [Vue warn]: Property "name" was accessed during render but is not defined on instance. 
  at <Gsrbr010101 onVnodeUnmounted=fn<onVnodeUnmounted> ref=Ref< Proxy(Object) > lang="en" > 
  at <RouterView> 
  at <App onVnodeUnmounted=fn<onVnodeUnmounted> ref=Ref< Proxy(Object) > lang="en" > 
  at <RouterView> 
  at <App> @ webpack-internal:///./node_modules/@vue/runtime-core/dist/runtime-core.esm-bundler.js:252
[  546055ms] [WARNING] [Vue warn]: Property "name" was accessed during render but is not defined on instance. 
  at <Gsrbr010101 onVnodeUnmounted=fn<onVnodeUnmounted> ref=Ref< Proxy(Object) > lang="en" > 
  at <RouterView> 
  at <App onVnodeUnmounted=fn<onVnodeUnmounted> ref=Ref< Proxy(Object) > lang="en" > 
  at <RouterView> 
  at <App> @ webpack-internal:///./node_modules/@vue/runtime-core/dist/runtime-core.esm-bundler.js:252
[  546055ms] [WARNING] [Vue warn]: Property "name" was accessed during render but is not defined on instance. 
  at <Gsrbr010101 onVnodeUnmounted=fn<onVnodeUnmounted> ref=Ref< Proxy(Object) > lang="en" > 
  at <RouterView> 
  at <App onVnodeUnmounted=fn<onVnodeUnmounted> ref=Ref< Proxy(Object) > lang="en" > 
  at <RouterView> 
  at <App> @ webpack-internal:///./node_modules/@vue/runtime-core/dist/runtime-core.esm-bundler.js:252
[  546055ms] [WARNING] [Vue warn]: Property "name" was accessed during render but is not defined on instance. 
  at <Gsrbr010101 onVnodeUnmounted=fn<onVnodeUnmounted> ref=Ref< Proxy(Object) > lang="en" > 
  at <RouterView> 
  at <App onVnodeUnmounted=fn<onVnodeUnmounted> ref=Ref< Proxy(Object) > lang="en" > 
  at <RouterView> 
  at <App> @ webpack-internal:///./node_modules/@vue/runtime-core/dist/runtime-core.esm-bundler.js:252
[  546056ms] [WARNING] [Vue warn]: Property "name" was accessed during render but is not defined on instance. 
  at <Gsrbr010101 onVnodeUnmounted=fn<onVnodeUnmounted> ref=Ref< Proxy(Object) > lang="en" > 
  at <RouterView> 
  at <App onVnodeUnmounted=fn<onVnodeUnmounted> ref=Ref< Proxy(Object) > lang="en" > 
  at <RouterView> 
  at <App> @ webpack-internal:///./node_modules/@vue/runtime-core/dist/runtime-core.esm-bundler.js:252
[  546056ms] [WARNING] [Vue warn]: Property "name" was accessed during render but is not defined on instance. 
  at <Gsrbr010101 onVnodeUnmounted=fn<onVnodeUnmounted> ref=Ref< Proxy(Object) > lang="en" > 
  at <RouterView> 
  at <App onVnodeUnmounted=fn<onVnodeUnmounted> ref=Ref< Proxy(Object) > lang="en" > 
  at <RouterView> 
  at <App> @ webpack-internal:///./node_modules/@vue/runtime-core/dist/runtime-core.esm-bundler.js:252
[  551756ms] [WARNING] [Vue warn]: Property "name" was accessed during render but is not defined on instance. 
  at <Gsrbr010101 onVnodeUnmounted=fn<onVnodeUnmounted> ref=Ref< Proxy(Object) > lang="en" > 
  at <RouterView> 
  at <App onVnodeUnmounted=fn<onVnodeUnmounted> ref=Ref< Proxy(Object) > lang="en" > 
  at <RouterView> 
  at <App> @ webpack-internal:///./node_modules/@vue/runtime-core/dist/runtime-core.esm-bundler.js:252
[  551757ms] [WARNING] [Vue warn]: Property "name" was accessed during render but is not defined on instance. 
  at <Gsrbr010101 onVnodeUnmounted=fn<onVnodeUnmounted> ref=Ref< Proxy(Object) > lang="en" > 
  at <RouterView> 
  at <App onVnodeUnmounted=fn<onVnodeUnmounted> ref=Ref< Proxy(Object) > lang="en" > 
  at <RouterView> 
  at <App> @ webpack-internal:///./node_modules/@vue/runtime-core/dist/runtime-core.esm-bundler.js:252
[  551757ms] [WARNING] [Vue warn]: Property "name" was accessed during render but is not defined on instance. 
  at <Gsrbr010101 onVnodeUnmounted=fn<onVnodeUnmounted> ref=Ref< Proxy(Object) > lang="en" > 
  at <RouterView> 
  at <App onVnodeUnmounted=fn<onVnodeUnmounted> ref=Ref< Proxy(Object) > lang="en" > 
  at <RouterView> 
  at <App> @ webpack-internal:///./node_modules/@vue/runtime-core/dist/runtime-core.esm-bundler.js:252
[  551758ms] [WARNING] [Vue warn]: Property "name" was accessed during render but is not defined on instance. 
  at <Gsrbr010101 onVnodeUnmounted=fn<onVnodeUnmounted> ref=Ref< Proxy(Object) > lang="en" > 
  at <RouterView> 
  at <App onVnodeUnmounted=fn<onVnodeUnmounted> ref=Ref< Proxy(Object) > lang="en" > 
  at <RouterView> 
  at <App> @ webpack-internal:///./node_modules/@vue/runtime-core/dist/runtime-core.esm-bundler.js:252
[  551758ms] [WARNING] [Vue warn]: Property "name" was accessed during render but is not defined on instance. 
  at <Gsrbr010101 onVnodeUnmounted=fn<onVnodeUnmounted> ref=Ref< Proxy(Object) > lang="en" > 
  at <RouterView> 
  at <App onVnodeUnmounted=fn<onVnodeUnmounted> ref=Ref< Proxy(Object) > lang="en" > 
  at <RouterView> 
  at <App> @ webpack-internal:///./node_modules/@vue/runtime-core/dist/runtime-core.esm-bundler.js:252
[  551758ms] [WARNING] [Vue warn]: Property "name" was accessed during render but is not defined on instance. 
  at <Gsrbr010101 onVnodeUnmounted=fn<onVnodeUnmounted> ref=Ref< Proxy(Object) > lang="en" > 
  at <RouterView> 
  at <App onVnodeUnmounted=fn<onVnodeUnmounted> ref=Ref< Proxy(Object) > lang="en" > 
  at <RouterView> 
  at <App> @ webpack-internal:///./node_modules/@vue/runtime-core/dist/runtime-core.esm-bundler.js:252
[  551759ms] [WARNING] [Vue warn]: Property "name" was accessed during render but is not defined on instance. 
  at <Gsrbr010101 onVnodeUnmounted=fn<onVnodeUnmounted> ref=Ref< Proxy(Object) > lang="en" > 
  at <RouterView> 
  at <App onVnodeUnmounted=fn<onVnodeUnmounted> ref=Ref< Proxy(Object) > lang="en" > 
  at <RouterView> 
  at <App> @ webpack-internal:///./node_modules/@vue/runtime-core/dist/runtime-core.esm-bundler.js:252
[  551759ms] [WARNING] [Vue warn]: Property "name" was accessed during render but is not defined on instance. 
  at <Gsrbr010101 onVnodeUnmounted=fn<onVnodeUnmounted> ref=Ref< Proxy(Object) > lang="en" > 
  at <RouterView> 
  at <App onVnodeUnmounted=fn<onVnodeUnmounted> ref=Ref< Proxy(Object) > lang="en" > 
  at <RouterView> 
  at <App> @ webpack-internal:///./node_modules/@vue/runtime-core/dist/runtime-core.esm-bundler.js:252
[  551759ms] [WARNING] [Vue warn]: Property "name" was accessed during render but is not defined on instance. 
  at <Gsrbr010101 onVnodeUnmounted=fn<onVnodeUnmounted> ref=Ref< Proxy(Object) > lang="en" > 
  at <RouterView> 
  at <App onVnodeUnmounted=fn<onVnodeUnmounted> ref=Ref< Proxy(Object) > lang="en" > 
  at <RouterView> 
  at <App> @ webpack-internal:///./node_modules/@vue/runtime-core/dist/runtime-core.esm-bundler.js:252
[  551759ms] [WARNING] [Vue warn]: Property "name" was accessed during render but is not defined on instance. 
  at <Gsrbr010101 onVnodeUnmounted=fn<onVnodeUnmounted> ref=Ref< Proxy(Object) > lang="en" > 
  at <RouterView> 
  at <App onVnodeUnmounted=fn<onVnodeUnmounted> ref=Ref< Proxy(Object) > lang="en" > 
  at <RouterView> 
  at <App> @ webpack-internal:///./node_modules/@vue/runtime-core/dist/runtime-core.esm-bundler.js:252
[  551760ms] [WARNING] [Vue warn]: Property "name" was accessed during render but is not defined on instance. 
  at <Gsrbr010101 onVnodeUnmounted=fn<onVnodeUnmounted> ref=Ref< Proxy(Object) > lang="en" > 
  at <RouterView> 
  at <App onVnodeUnmounted=fn<onVnodeUnmounted> ref=Ref< Proxy(Object) > lang="en" > 
  at <RouterView> 
  at <App> @ webpack-internal:///./node_modules/@vue/runtime-core/dist/runtime-core.esm-bundler.js:252
[  556269ms] [WARNING] [Vue warn]: Property "name" was accessed during render but is not defined on instance. 
  at <Gsrbr010101 onVnodeUnmounted=fn<onVnodeUnmounted> ref=Ref< Proxy(Object) > lang="en" > 
  at <RouterView> 
  at <App onVnodeUnmounted=fn<onVnodeUnmounted> ref=Ref< Proxy(Object) > lang="en" > 
  at <RouterView> 
  at <App> @ webpack-internal:///./node_modules/@vue/runtime-core/dist/runtime-core.esm-bundler.js:252
[  556269ms] [WARNING] [Vue warn]: Property "name" was accessed during render but is not defined on instance. 
  at <Gsrbr010101 onVnodeUnmounted=fn<onVnodeUnmounted> ref=Ref< Proxy(Object) > lang="en" > 
  at <RouterView> 
  at <App onVnodeUnmounted=fn<onVnodeUnmounted> ref=Ref< Proxy(Object) > lang="en" > 
  at <RouterView> 
  at <App> @ webpack-internal:///./node_modules/@vue/runtime-core/dist/runtime-core.esm-bundler.js:252
[  556269ms] [WARNING] [Vue warn]: Property "name" was accessed during render but is not defined on instance. 
  at <Gsrbr010101 onVnodeUnmounted=fn<onVnodeUnmounted> ref=Ref< Proxy(Object) > lang="en" > 
  at <RouterView> 
  at <App onVnodeUnmounted=fn<onVnodeUnmounted> ref=Ref< Proxy(Object) > lang="en" > 
  at <RouterView> 
  at <App> @ webpack-internal:///./node_modules/@vue/runtime-core/dist/runtime-core.esm-bundler.js:252
[  556270ms] [WARNING] [Vue warn]: Property "name" was accessed during render but is not defined on instance. 
  at <Gsrbr010101 onVnodeUnmounted=fn<onVnodeUnmounted> ref=Ref< Proxy(Object) > lang="en" > 
  at <RouterView> 
  at <App onVnodeUnmounted=fn<onVnodeUnmounted> ref=Ref< Proxy(Object) > lang="en" > 
  at <RouterView> 
  at <App> @ webpack-internal:///./node_modules/@vue/runtime-core/dist/runtime-core.esm-bundler.js:252
[  556270ms] [WARNING] [Vue warn]: Property "name" was accessed during render but is not defined on instance. 
  at <Gsrbr010101 onVnodeUnmounted=fn<onVnodeUnmounted> ref=Ref< Proxy(Object) > lang="en" > 
  at <RouterView> 
  at <App onVnodeUnmounted=fn<onVnodeUnmounted> ref=Ref< Proxy(Object) > lang="en" > 
  at <RouterView> 
  at <App> @ webpack-internal:///./node_modules/@vue/runtime-core/dist/runtime-core.esm-bundler.js:252
[  556270ms] [WARNING] [Vue warn]: Property "name" was accessed during render but is not defined on instance. 
  at <Gsrbr010101 onVnodeUnmounted=fn<onVnodeUnmounted> ref=Ref< Proxy(Object) > lang="en" > 
  at <RouterView> 
  at <App onVnodeUnmounted=fn<onVnodeUnmounted> ref=Ref< Proxy(Object) > lang="en" > 
  at <RouterView> 
  at <App> @ webpack-internal:///./node_modules/@vue/runtime-core/dist/runtime-core.esm-bundler.js:252
[  556271ms] [WARNING] [Vue warn]: Property "name" was accessed during render but is not defined on instance. 
  at <Gsrbr010101 onVnodeUnmounted=fn<onVnodeUnmounted> ref=Ref< Proxy(Object) > lang="en" > 
  at <RouterView> 
  at <App onVnodeUnmounted=fn<onVnodeUnmounted> ref=Ref< Proxy(Object) > lang="en" > 
  at <RouterView> 
  at <App> @ webpack-internal:///./node_modules/@vue/runtime-core/dist/runtime-core.esm-bundler.js:252
[  556271ms] [WARNING] [Vue warn]: Property "name" was accessed during render but is not defined on instance. 
  at <Gsrbr010101 onVnodeUnmounted=fn<onVnodeUnmounted> ref=Ref< Proxy(Object) > lang="en" > 
  at <RouterView> 
  at <App onVnodeUnmounted=fn<onVnodeUnmounted> ref=Ref< Proxy(Object) > lang="en" > 
  at <RouterView> 
  at <App> @ webpack-internal:///./node_modules/@vue/runtime-core/dist/runtime-core.esm-bundler.js:252
[  556271ms] [WARNING] [Vue warn]: Property "name" was accessed during render but is not defined on instance. 
  at <Gsrbr010101 onVnodeUnmounted=fn<onVnodeUnmounted> ref=Ref< Proxy(Object) > lang="en" > 
  at <RouterView> 
  at <App onVnodeUnmounted=fn<onVnodeUnmounted> ref=Ref< Proxy(Object) > lang="en" > 
  at <RouterView> 
  at <App> @ webpack-internal:///./node_modules/@vue/runtime-core/dist/runtime-core.esm-bundler.js:252
[  556272ms] [WARNING] [Vue warn]: Property "name" was accessed during render but is not defined on instance. 
  at <Gsrbr010101 onVnodeUnmounted=fn<onVnodeUnmounted> ref=Ref< Proxy(Object) > lang="en" > 
  at <RouterView> 
  at <App onVnodeUnmounted=fn<onVnodeUnmounted> ref=Ref< Proxy(Object) > lang="en" > 
  at <RouterView> 
  at <App> @ webpack-internal:///./node_modules/@vue/runtime-core/dist/runtime-core.esm-bundler.js:252
[  556272ms] [WARNING] [Vue warn]: Property "name" was accessed during render but is not defined on instance. 
  at <Gsrbr010101 onVnodeUnmounted=fn<onVnodeUnmounted> ref=Ref< Proxy(Object) > lang="en" > 
  at <RouterView> 
  at <App onVnodeUnmounted=fn<onVnodeUnmounted> ref=Ref< Proxy(Object) > lang="en" > 
  at <RouterView> 
  at <App> @ webpack-internal:///./node_modules/@vue/runtime-core/dist/runtime-core.esm-bundler.js:252
[  564317ms] [WARNING] [Vue warn]: Property "name" was accessed during render but is not defined on instance. 
  at <Gsrbr010101 onVnodeUnmounted=fn<onVnodeUnmounted> ref=Ref< Proxy(Object) > lang="en" > 
  at <RouterView> 
  at <App onVnodeUnmounted=fn<onVnodeUnmounted> ref=Ref< Proxy(Object) > lang="en" > 
  at <RouterView> 
  at <App> @ webpack-internal:///./node_modules/@vue/runtime-core/dist/runtime-core.esm-bundler.js:252
[  564317ms] [WARNING] [Vue warn]: Property "name" was accessed during render but is not defined on instance. 
  at <Gsrbr010101 onVnodeUnmounted=fn<onVnodeUnmounted> ref=Ref< Proxy(Object) > lang="en" > 
  at <RouterView> 
  at <App onVnodeUnmounted=fn<onVnodeUnmounted> ref=Ref< Proxy(Object) > lang="en" > 
  at <RouterView> 
  at <App> @ webpack-internal:///./node_modules/@vue/runtime-core/dist/runtime-core.esm-bundler.js:252
[  564318ms] [WARNING] [Vue warn]: Property "name" was accessed during render but is not defined on instance. 
  at <Gsrbr010101 onVnodeUnmounted=fn<onVnodeUnmounted> ref=Ref< Proxy(Object) > lang="en" > 
  at <RouterView> 
  at <App onVnodeUnmounted=fn<onVnodeUnmounted> ref=Ref< Proxy(Object) > lang="en" > 
  at <RouterView> 
  at <App> @ webpack-internal:///./node_modules/@vue/runtime-core/dist/runtime-core.esm-bundler.js:252
[  564318ms] [WARNING] [Vue warn]: Property "name" was accessed during render but is not defined on instance. 
  at <Gsrbr010101 onVnodeUnmounted=fn<onVnodeUnmounted> ref=Ref< Proxy(Object) > lang="en" > 
  at <RouterView> 
  at <App onVnodeUnmounted=fn<onVnodeUnmounted> ref=Ref< Proxy(Object) > lang="en" > 
  at <RouterView> 
  at <App> @ webpack-internal:///./node_modules/@vue/runtime-core/dist/runtime-core.esm-bundler.js:252
[  564318ms] [WARNING] [Vue warn]: Property "name" was accessed during render but is not defined on instance. 
  at <Gsrbr010101 onVnodeUnmounted=fn<onVnodeUnmounted> ref=Ref< Proxy(Object) > lang="en" > 
  at <RouterView> 
  at <App onVnodeUnmounted=fn<onVnodeUnmounted> ref=Ref< Proxy(Object) > lang="en" > 
  at <RouterView> 
  at <App> @ webpack-internal:///./node_modules/@vue/runtime-core/dist/runtime-core.esm-bundler.js:252
[  564318ms] [WARNING] [Vue warn]: Property "name" was accessed during render but is not defined on instance. 
  at <Gsrbr010101 onVnodeUnmounted=fn<onVnodeUnmounted> ref=Ref< Proxy(Object) > lang="en" > 
  at <RouterView> 
  at <App onVnodeUnmounted=fn<onVnodeUnmounted> ref=Ref< Proxy(Object) > lang="en" > 
  at <RouterView> 
  at <App> @ webpack-internal:///./node_modules/@vue/runtime-core/dist/runtime-core.esm-bundler.js:252
[  564319ms] [WARNING] [Vue warn]: Property "name" was accessed during render but is not defined on instance. 
  at <Gsrbr010101 onVnodeUnmounted=fn<onVnodeUnmounted> ref=Ref< Proxy(Object) > lang="en" > 
  at <RouterView> 
  at <App onVnodeUnmounted=fn<onVnodeUnmounted> ref=Ref< Proxy(Object) > lang="en" > 
  at <RouterView> 
  at <App> @ webpack-internal:///./node_modules/@vue/runtime-core/dist/runtime-core.esm-bundler.js:252
[  564319ms] [WARNING] [Vue warn]: Property "name" was accessed during render but is not defined on instance. 
  at <Gsrbr010101 onVnodeUnmounted=fn<onVnodeUnmounted> ref=Ref< Proxy(Object) > lang="en" > 
  at <RouterView> 
  at <App onVnodeUnmounted=fn<onVnodeUnmounted> ref=Ref< Proxy(Object) > lang="en" > 
  at <RouterView> 
  at <App> @ webpack-internal:///./node_modules/@vue/runtime-core/dist/runtime-core.esm-bundler.js:252
[  564319ms] [WARNING] [Vue warn]: Property "name" was accessed during render but is not defined on instance. 
  at <Gsrbr010101 onVnodeUnmounted=fn<onVnodeUnmounted> ref=Ref< Proxy(Object) > lang="en" > 
  at <RouterView> 
  at <App onVnodeUnmounted=fn<onVnodeUnmounted> ref=Ref< Proxy(Object) > lang="en" > 
  at <RouterView> 
  at <App> @ webpack-internal:///./node_modules/@vue/runtime-core/dist/runtime-core.esm-bundler.js:252
[  564320ms] [WARNING] [Vue warn]: Property "name" was accessed during render but is not defined on instance. 
  at <Gsrbr010101 onVnodeUnmounted=fn<onVnodeUnmounted> ref=Ref< Proxy(Object) > lang="en" > 
  at <RouterView> 
  at <App onVnodeUnmounted=fn<onVnodeUnmounted> ref=Ref< Proxy(Object) > lang="en" > 
  at <RouterView> 
  at <App> @ webpack-internal:///./node_modules/@vue/runtime-core/dist/runtime-core.esm-bundler.js:252
[  564320ms] [WARNING] [Vue warn]: Property "name" was accessed during render but is not defined on instance. 
  at <Gsrbr010101 onVnodeUnmounted=fn<onVnodeUnmounted> ref=Ref< Proxy(Object) > lang="en" > 
  at <RouterView> 
  at <App onVnodeUnmounted=fn<onVnodeUnmounted> ref=Ref< Proxy(Object) > lang="en" > 
  at <RouterView> 
  at <App> @ webpack-internal:///./node_modules/@vue/runtime-core/dist/runtime-core.esm-bundler.js:252
[  595101ms] [WARNING] [Vue warn]: Property "name" was accessed during render but is not defined on instance. 
  at <Gsrbr010101 onVnodeUnmounted=fn<onVnodeUnmounted> ref=Ref< Proxy(Object) > lang="en" > 
  at <RouterView> 
  at <App onVnodeUnmounted=fn<onVnodeUnmounted> ref=Ref< Proxy(Object) > lang="en" > 
  at <RouterView> 
  at <App> @ webpack-internal:///./node_modules/@vue/runtime-core/dist/runtime-core.esm-bundler.js:252
[  595101ms] [WARNING] [Vue warn]: Property "name" was accessed during render but is not defined on instance. 
  at <Gsrbr010101 onVnodeUnmounted=fn<onVnodeUnmounted> ref=Ref< Proxy(Object) > lang="en" > 
  at <RouterView> 
  at <App onVnodeUnmounted=fn<onVnodeUnmounted> ref=Ref< Proxy(Object) > lang="en" > 
  at <RouterView> 
  at <App> @ webpack-internal:///./node_modules/@vue/runtime-core/dist/runtime-core.esm-bundler.js:252
[  595102ms] [WARNING] [Vue warn]: Property "name" was accessed during render but is not defined on instance. 
  at <Gsrbr010101 onVnodeUnmounted=fn<onVnodeUnmounted> ref=Ref< Proxy(Object) > lang="en" > 
  at <RouterView> 
  at <App onVnodeUnmounted=fn<onVnodeUnmounted> ref=Ref< Proxy(Object) > lang="en" > 
  at <RouterView> 
  at <App> @ webpack-internal:///./node_modules/@vue/runtime-core/dist/runtime-core.esm-bundler.js:252
[  595102ms] [WARNING] [Vue warn]: Property "name" was accessed during render but is not defined on instance. 
  at <Gsrbr010101 onVnodeUnmounted=fn<onVnodeUnmounted> ref=Ref< Proxy(Object) > lang="en" > 
  at <RouterView> 
  at <App onVnodeUnmounted=fn<onVnodeUnmounted> ref=Ref< Proxy(Object) > lang="en" > 
  at <RouterView> 
  at <App> @ webpack-internal:///./node_modules/@vue/runtime-core/dist/runtime-core.esm-bundler.js:252
[  595102ms] [WARNING] [Vue warn]: Property "name" was accessed during render but is not defined on instance. 
  at <Gsrbr010101 onVnodeUnmounted=fn<onVnodeUnmounted> ref=Ref< Proxy(Object) > lang="en" > 
  at <RouterView> 
  at <App onVnodeUnmounted=fn<onVnodeUnmounted> ref=Ref< Proxy(Object) > lang="en" > 
  at <RouterView> 
  at <App> @ webpack-internal:///./node_modules/@vue/runtime-core/dist/runtime-core.esm-bundler.js:252
[  595103ms] [WARNING] [Vue warn]: Property "name" was accessed during render but is not defined on instance. 
  at <Gsrbr010101 onVnodeUnmounted=fn<onVnodeUnmounted> ref=Ref< Proxy(Object) > lang="en" > 
  at <RouterView> 
  at <App onVnodeUnmounted=fn<onVnodeUnmounted> ref=Ref< Proxy(Object) > lang="en" > 
  at <RouterView> 
  at <App> @ webpack-internal:///./node_modules/@vue/runtime-core/dist/runtime-core.esm-bundler.js:252
[  595104ms] [WARNING] [Vue warn]: Property "name" was accessed during render but is not defined on instance. 
  at <Gsrbr010101 onVnodeUnmounted=fn<onVnodeUnmounted> ref=Ref< Proxy(Object) > lang="en" > 
  at <RouterView> 
  at <App onVnodeUnmounted=fn<onVnodeUnmounted> ref=Ref< Proxy(Object) > lang="en" > 
  at <RouterView> 
  at <App> @ webpack-internal:///./node_modules/@vue/runtime-core/dist/runtime-core.esm-bundler.js:252
[  595104ms] [WARNING] [Vue warn]: Property "name" was accessed during render but is not defined on instance. 
  at <Gsrbr010101 onVnodeUnmounted=fn<onVnodeUnmounted> ref=Ref< Proxy(Object) > lang="en" > 
  at <RouterView> 
  at <App onVnodeUnmounted=fn<onVnodeUnmounted> ref=Ref< Proxy(Object) > lang="en" > 
  at <RouterView> 
  at <App> @ webpack-internal:///./node_modules/@vue/runtime-core/dist/runtime-core.esm-bundler.js:252
[  595104ms] [WARNING] [Vue warn]: Property "name" was accessed during render but is not defined on instance. 
  at <Gsrbr010101 onVnodeUnmounted=fn<onVnodeUnmounted> ref=Ref< Proxy(Object) > lang="en" > 
  at <RouterView> 
  at <App onVnodeUnmounted=fn<onVnodeUnmounted> ref=Ref< Proxy(Object) > lang="en" > 
  at <RouterView> 
  at <App> @ webpack-internal:///./node_modules/@vue/runtime-core/dist/runtime-core.esm-bundler.js:252
[  595105ms] [WARNING] [Vue warn]: Property "name" was accessed during render but is not defined on instance. 
  at <Gsrbr010101 onVnodeUnmounted=fn<onVnodeUnmounted> ref=Ref< Proxy(Object) > lang="en" > 
  at <RouterView> 
  at <App onVnodeUnmounted=fn<onVnodeUnmounted> ref=Ref< Proxy(Object) > lang="en" > 
  at <RouterView> 
  at <App> @ webpack-internal:///./node_modules/@vue/runtime-core/dist/runtime-core.esm-bundler.js:252
[  595105ms] [WARNING] [Vue warn]: Property "name" was accessed during render but is not defined on instance. 
  at <Gsrbr010101 onVnodeUnmounted=fn<onVnodeUnmounted> ref=Ref< Proxy(Object) > lang="en" > 
  at <RouterView> 
  at <App onVnodeUnmounted=fn<onVnodeUnmounted> ref=Ref< Proxy(Object) > lang="en" > 
  at <RouterView> 
  at <App> @ webpack-internal:///./node_modules/@vue/runtime-core/dist/runtime-core.esm-bundler.js:252
[  598748ms] [WARNING] [Vue warn]: Property "name" was accessed during render but is not defined on instance. 
  at <Gsrbr010101 onVnodeUnmounted=fn<onVnodeUnmounted> ref=Ref< Proxy(Object) > lang="en" > 
  at <RouterView> 
  at <App onVnodeUnmounted=fn<onVnodeUnmounted> ref=Ref< Proxy(Object) > lang="en" > 
  at <RouterView> 
  at <App> @ webpack-internal:///./node_modules/@vue/runtime-core/dist/runtime-core.esm-bundler.js:252
[  598749ms] [WARNING] [Vue warn]: Property "name" was accessed during render but is not defined on instance. 
  at <Gsrbr010101 onVnodeUnmounted=fn<onVnodeUnmounted> ref=Ref< Proxy(Object) > lang="en" > 
  at <RouterView> 
  at <App onVnodeUnmounted=fn<onVnodeUnmounted> ref=Ref< Proxy(Object) > lang="en" > 
  at <RouterView> 
  at <App> @ webpack-internal:///./node_modules/@vue/runtime-core/dist/runtime-core.esm-bundler.js:252
[  598749ms] [WARNING] [Vue warn]: Property "name" was accessed during render but is not defined on instance. 
  at <Gsrbr010101 onVnodeUnmounted=fn<onVnodeUnmounted> ref=Ref< Proxy(Object) > lang="en" > 
  at <RouterView> 
  at <App onVnodeUnmounted=fn<onVnodeUnmounted> ref=Ref< Proxy(Object) > lang="en" > 
  at <RouterView> 
  at <App> @ webpack-internal:///./node_modules/@vue/runtime-core/dist/runtime-core.esm-bundler.js:252
[  598749ms] [WARNING] [Vue warn]: Property "name" was accessed during render but is not defined on instance. 
  at <Gsrbr010101 onVnodeUnmounted=fn<onVnodeUnmounted> ref=Ref< Proxy(Object) > lang="en" > 
  at <RouterView> 
  at <App onVnodeUnmounted=fn<onVnodeUnmounted> ref=Ref< Proxy(Object) > lang="en" > 
  at <RouterView> 
  at <App> @ webpack-internal:///./node_modules/@vue/runtime-core/dist/runtime-core.esm-bundler.js:252
[  598750ms] [WARNING] [Vue warn]: Property "name" was accessed during render but is not defined on instance. 
  at <Gsrbr010101 onVnodeUnmounted=fn<onVnodeUnmounted> ref=Ref< Proxy(Object) > lang="en" > 
  at <RouterView> 
  at <App onVnodeUnmounted=fn<onVnodeUnmounted> ref=Ref< Proxy(Object) > lang="en" > 
  at <RouterView> 
  at <App> @ webpack-internal:///./node_modules/@vue/runtime-core/dist/runtime-core.esm-bundler.js:252
[  598750ms] [WARNING] [Vue warn]: Property "name" was accessed during render but is not defined on instance. 
  at <Gsrbr010101 onVnodeUnmounted=fn<onVnodeUnmounted> ref=Ref< Proxy(Object) > lang="en" > 
  at <RouterView> 
  at <App onVnodeUnmounted=fn<onVnodeUnmounted> ref=Ref< Proxy(Object) > lang="en" > 
  at <RouterView> 
  at <App> @ webpack-internal:///./node_modules/@vue/runtime-core/dist/runtime-core.esm-bundler.js:252
[  598751ms] [WARNING] [Vue warn]: Property "name" was accessed during render but is not defined on instance. 
  at <Gsrbr010101 onVnodeUnmounted=fn<onVnodeUnmounted> ref=Ref< Proxy(Object) > lang="en" > 
  at <RouterView> 
  at <App onVnodeUnmounted=fn<onVnodeUnmounted> ref=Ref< Proxy(Object) > lang="en" > 
  at <RouterView> 
  at <App> @ webpack-internal:///./node_modules/@vue/runtime-core/dist/runtime-core.esm-bundler.js:252
[  598751ms] [WARNING] [Vue warn]: Property "name" was accessed during render but is not defined on instance. 
  at <Gsrbr010101 onVnodeUnmounted=fn<onVnodeUnmounted> ref=Ref< Proxy(Object) > lang="en" > 
  at <RouterView> 
  at <App onVnodeUnmounted=fn<onVnodeUnmounted> ref=Ref< Proxy(Object) > lang="en" > 
  at <RouterView> 
  at <App> @ webpack-internal:///./node_modules/@vue/runtime-core/dist/runtime-core.esm-bundler.js:252
[  598752ms] [WARNING] [Vue warn]: Property "name" was accessed during render but is not defined on instance. 
  at <Gsrbr010101 onVnodeUnmounted=fn<onVnodeUnmounted> ref=Ref< Proxy(Object) > lang="en" > 
  at <RouterView> 
  at <App onVnodeUnmounted=fn<onVnodeUnmounted> ref=Ref< Proxy(Object) > lang="en" > 
  at <RouterView> 
  at <App> @ webpack-internal:///./node_modules/@vue/runtime-core/dist/runtime-core.esm-bundler.js:252
[  598752ms] [WARNING] [Vue warn]: Property "name" was accessed during render but is not defined on instance. 
  at <Gsrbr010101 onVnodeUnmounted=fn<onVnodeUnmounted> ref=Ref< Proxy(Object) > lang="en" > 
  at <RouterView> 
  at <App onVnodeUnmounted=fn<onVnodeUnmounted> ref=Ref< Proxy(Object) > lang="en" > 
  at <RouterView> 
  at <App> @ webpack-internal:///./node_modules/@vue/runtime-core/dist/runtime-core.esm-bundler.js:252
[  598753ms] [WARNING] [Vue warn]: Property "name" was accessed during render but is not defined on instance. 
  at <Gsrbr010101 onVnodeUnmounted=fn<onVnodeUnmounted> ref=Ref< Proxy(Object) > lang="en" > 
  at <RouterView> 
  at <App onVnodeUnmounted=fn<onVnodeUnmounted> ref=Ref< Proxy(Object) > lang="en" > 
  at <RouterView> 
  at <App> @ webpack-internal:///./node_modules/@vue/runtime-core/dist/runtime-core.esm-bundler.js:252
[  792405ms] [WARNING] [Vue warn]: Property "name" was accessed during render but is not defined on instance. 
  at <Gsrbr010101 onVnodeUnmounted=fn<onVnodeUnmounted> ref=Ref< Proxy(Object) > lang="en" > 
  at <RouterView> 
  at <App onVnodeUnmounted=fn<onVnodeUnmounted> ref=Ref< Proxy(Object) > lang="en" > 
  at <RouterView> 
  at <App> @ webpack-internal:///./node_modules/@vue/runtime-core/dist/runtime-core.esm-bundler.js:252
[  792405ms] [WARNING] [Vue warn]: Property "name" was accessed during render but is not defined on instance. 
  at <Gsrbr010101 onVnodeUnmounted=fn<onVnodeUnmounted> ref=Ref< Proxy(Object) > lang="en" > 
  at <RouterView> 
  at <App onVnodeUnmounted=fn<onVnodeUnmounted> ref=Ref< Proxy(Object) > lang="en" > 
  at <RouterView> 
  at <App> @ webpack-internal:///./node_modules/@vue/runtime-core/dist/runtime-core.esm-bundler.js:252
[  792406ms] [WARNING] [Vue warn]: Property "name" was accessed during render but is not defined on instance. 
  at <Gsrbr010101 onVnodeUnmounted=fn<onVnodeUnmounted> ref=Ref< Proxy(Object) > lang="en" > 
  at <RouterView> 
  at <App onVnodeUnmounted=fn<onVnodeUnmounted> ref=Ref< Proxy(Object) > lang="en" > 
  at <RouterView> 
  at <App> @ webpack-internal:///./node_modules/@vue/runtime-core/dist/runtime-core.esm-bundler.js:252
[  792406ms] [WARNING] [Vue warn]: Property "name" was accessed during render but is not defined on instance. 
  at <Gsrbr010101 onVnodeUnmounted=fn<onVnodeUnmounted> ref=Ref< Proxy(Object) > lang="en" > 
  at <RouterView> 
  at <App onVnodeUnmounted=fn<onVnodeUnmounted> ref=Ref< Proxy(Object) > lang="en" > 
  at <RouterView> 
  at <App> @ webpack-internal:///./node_modules/@vue/runtime-core/dist/runtime-core.esm-bundler.js:252
[  792407ms] [WARNING] [Vue warn]: Property "name" was accessed during render but is not defined on instance. 
  at <Gsrbr010101 onVnodeUnmounted=fn<onVnodeUnmounted> ref=Ref< Proxy(Object) > lang="en" > 
  at <RouterView> 
  at <App onVnodeUnmounted=fn<onVnodeUnmounted> ref=Ref< Proxy(Object) > lang="en" > 
  at <RouterView> 
  at <App> @ webpack-internal:///./node_modules/@vue/runtime-core/dist/runtime-core.esm-bundler.js:252
[  792407ms] [WARNING] [Vue warn]: Property "name" was accessed during render but is not defined on instance. 
  at <Gsrbr010101 onVnodeUnmounted=fn<onVnodeUnmounted> ref=Ref< Proxy(Object) > lang="en" > 
  at <RouterView> 
  at <App onVnodeUnmounted=fn<onVnodeUnmounted> ref=Ref< Proxy(Object) > lang="en" > 
  at <RouterView> 
  at <App> @ webpack-internal:///./node_modules/@vue/runtime-core/dist/runtime-core.esm-bundler.js:252
[  792407ms] [WARNING] [Vue warn]: Property "name" was accessed during render but is not defined on instance. 
  at <Gsrbr010101 onVnodeUnmounted=fn<onVnodeUnmounted> ref=Ref< Proxy(Object) > lang="en" > 
  at <RouterView> 
  at <App onVnodeUnmounted=fn<onVnodeUnmounted> ref=Ref< Proxy(Object) > lang="en" > 
  at <RouterView> 
  at <App> @ webpack-internal:///./node_modules/@vue/runtime-core/dist/runtime-core.esm-bundler.js:252
[  792408ms] [WARNING] [Vue warn]: Property "name" was accessed during render but is not defined on instance. 
  at <Gsrbr010101 onVnodeUnmounted=fn<onVnodeUnmounted> ref=Ref< Proxy(Object) > lang="en" > 
  at <RouterView> 
  at <App onVnodeUnmounted=fn<onVnodeUnmounted> ref=Ref< Proxy(Object) > lang="en" > 
  at <RouterView> 
  at <App> @ webpack-internal:///./node_modules/@vue/runtime-core/dist/runtime-core.esm-bundler.js:252
[  792408ms] [WARNING] [Vue warn]: Property "name" was accessed during render but is not defined on instance. 
  at <Gsrbr010101 onVnodeUnmounted=fn<onVnodeUnmounted> ref=Ref< Proxy(Object) > lang="en" > 
  at <RouterView> 
  at <App onVnodeUnmounted=fn<onVnodeUnmounted> ref=Ref< Proxy(Object) > lang="en" > 
  at <RouterView> 
  at <App> @ webpack-internal:///./node_modules/@vue/runtime-core/dist/runtime-core.esm-bundler.js:252
[  792409ms] [WARNING] [Vue warn]: Property "name" was accessed during render but is not defined on instance. 
  at <Gsrbr010101 onVnodeUnmounted=fn<onVnodeUnmounted> ref=Ref< Proxy(Object) > lang="en" > 
  at <RouterView> 
  at <App onVnodeUnmounted=fn<onVnodeUnmounted> ref=Ref< Proxy(Object) > lang="en" > 
  at <RouterView> 
  at <App> @ webpack-internal:///./node_modules/@vue/runtime-core/dist/runtime-core.esm-bundler.js:252
[  792410ms] [WARNING] [Vue warn]: Property "name" was accessed during render but is not defined on instance. 
  at <Gsrbr010101 onVnodeUnmounted=fn<onVnodeUnmounted> ref=Ref< Proxy(Object) > lang="en" > 
  at <RouterView> 
  at <App onVnodeUnmounted=fn<onVnodeUnmounted> ref=Ref< Proxy(Object) > lang="en" > 
  at <RouterView> 
  at <App> @ webpack-internal:///./node_modules/@vue/runtime-core/dist/runtime-core.esm-bundler.js:252
[  793332ms] [WARNING] [Vue warn]: Property "name" was accessed during render but is not defined on instance. 
  at <Gsrbr010101 onVnodeUnmounted=fn<onVnodeUnmounted> ref=Ref< Proxy(Object) > lang="en" > 
  at <RouterView> 
  at <App onVnodeUnmounted=fn<onVnodeUnmounted> ref=Ref< Proxy(Object) > lang="en" > 
  at <RouterView> 
  at <App> @ webpack-internal:///./node_modules/@vue/runtime-core/dist/runtime-core.esm-bundler.js:252
[  793332ms] [WARNING] [Vue warn]: Property "name" was accessed during render but is not defined on instance. 
  at <Gsrbr010101 onVnodeUnmounted=fn<onVnodeUnmounted> ref=Ref< Proxy(Object) > lang="en" > 
  at <RouterView> 
  at <App onVnodeUnmounted=fn<onVnodeUnmounted> ref=Ref< Proxy(Object) > lang="en" > 
  at <RouterView> 
  at <App> @ webpack-internal:///./node_modules/@vue/runtime-core/dist/runtime-core.esm-bundler.js:252
[  793333ms] [WARNING] [Vue warn]: Property "name" was accessed during render but is not defined on instance. 
  at <Gsrbr010101 onVnodeUnmounted=fn<onVnodeUnmounted> ref=Ref< Proxy(Object) > lang="en" > 
  at <RouterView> 
  at <App onVnodeUnmounted=fn<onVnodeUnmounted> ref=Ref< Proxy(Object) > lang="en" > 
  at <RouterView> 
  at <App> @ webpack-internal:///./node_modules/@vue/runtime-core/dist/runtime-core.esm-bundler.js:252
[  793333ms] [WARNING] [Vue warn]: Property "name" was accessed during render but is not defined on instance. 
  at <Gsrbr010101 onVnodeUnmounted=fn<onVnodeUnmounted> ref=Ref< Proxy(Object) > lang="en" > 
  at <RouterView> 
  at <App onVnodeUnmounted=fn<onVnodeUnmounted> ref=Ref< Proxy(Object) > lang="en" > 
  at <RouterView> 
  at <App> @ webpack-internal:///./node_modules/@vue/runtime-core/dist/runtime-core.esm-bundler.js:252
[  793333ms] [WARNING] [Vue warn]: Property "name" was accessed during render but is not defined on instance. 
  at <Gsrbr010101 onVnodeUnmounted=fn<onVnodeUnmounted> ref=Ref< Proxy(Object) > lang="en" > 
  at <RouterView> 
  at <App onVnodeUnmounted=fn<onVnodeUnmounted> ref=Ref< Proxy(Object) > lang="en" > 
  at <RouterView> 
  at <App> @ webpack-internal:///./node_modules/@vue/runtime-core/dist/runtime-core.esm-bundler.js:252
[  793334ms] [WARNING] [Vue warn]: Property "name" was accessed during render but is not defined on instance. 
  at <Gsrbr010101 onVnodeUnmounted=fn<onVnodeUnmounted> ref=Ref< Proxy(Object) > lang="en" > 
  at <RouterView> 
  at <App onVnodeUnmounted=fn<onVnodeUnmounted> ref=Ref< Proxy(Object) > lang="en" > 
  at <RouterView> 
  at <App> @ webpack-internal:///./node_modules/@vue/runtime-core/dist/runtime-core.esm-bundler.js:252
[  793334ms] [WARNING] [Vue warn]: Property "name" was accessed during render but is not defined on instance. 
  at <Gsrbr010101 onVnodeUnmounted=fn<onVnodeUnmounted> ref=Ref< Proxy(Object) > lang="en" > 
  at <RouterView> 
  at <App onVnodeUnmounted=fn<onVnodeUnmounted> ref=Ref< Proxy(Object) > lang="en" > 
  at <RouterView> 
  at <App> @ webpack-internal:///./node_modules/@vue/runtime-core/dist/runtime-core.esm-bundler.js:252
[  793334ms] [WARNING] [Vue warn]: Property "name" was accessed during render but is not defined on instance. 
  at <Gsrbr010101 onVnodeUnmounted=fn<onVnodeUnmounted> ref=Ref< Proxy(Object) > lang="en" > 
  at <RouterView> 
  at <App onVnodeUnmounted=fn<onVnodeUnmounted> ref=Ref< Proxy(Object) > lang="en" > 
  at <RouterView> 
  at <App> @ webpack-internal:///./node_modules/@vue/runtime-core/dist/runtime-core.esm-bundler.js:252
[  793334ms] [WARNING] [Vue warn]: Property "name" was accessed during render but is not defined on instance. 
  at <Gsrbr010101 onVnodeUnmounted=fn<onVnodeUnmounted> ref=Ref< Proxy(Object) > lang="en" > 
  at <RouterView> 
  at <App onVnodeUnmounted=fn<onVnodeUnmounted> ref=Ref< Proxy(Object) > lang="en" > 
  at <RouterView> 
  at <App> @ webpack-internal:///./node_modules/@vue/runtime-core/dist/runtime-core.esm-bundler.js:252
[  793335ms] [WARNING] [Vue warn]: Property "name" was accessed during render but is not defined on instance. 
  at <Gsrbr010101 onVnodeUnmounted=fn<onVnodeUnmounted> ref=Ref< Proxy(Object) > lang="en" > 
  at <RouterView> 
  at <App onVnodeUnmounted=fn<onVnodeUnmounted> ref=Ref< Proxy(Object) > lang="en" > 
  at <RouterView> 
  at <App> @ webpack-internal:///./node_modules/@vue/runtime-core/dist/runtime-core.esm-bundler.js:252
[  793335ms] [WARNING] [Vue warn]: Property "name" was accessed during render but is not defined on instance. 
  at <Gsrbr010101 onVnodeUnmounted=fn<onVnodeUnmounted> ref=Ref< Proxy(Object) > lang="en" > 
  at <RouterView> 
  at <App onVnodeUnmounted=fn<onVnodeUnmounted> ref=Ref< Proxy(Object) > lang="en" > 
  at <RouterView> 
  at <App> @ webpack-internal:///./node_modules/@vue/runtime-core/dist/runtime-core.esm-bundler.js:252
[  795468ms] [WARNING] [Vue warn]: Property "name" was accessed during render but is not defined on instance. 
  at <Gsrbr010101 onVnodeUnmounted=fn<onVnodeUnmounted> ref=Ref< Proxy(Object) > lang="en" > 
  at <RouterView> 
  at <App onVnodeUnmounted=fn<onVnodeUnmounted> ref=Ref< Proxy(Object) > lang="en" > 
  at <RouterView> 
  at <App> @ webpack-internal:///./node_modules/@vue/runtime-core/dist/runtime-core.esm-bundler.js:252
[  795468ms] [WARNING] [Vue warn]: Property "name" was accessed during render but is not defined on instance. 
  at <Gsrbr010101 onVnodeUnmounted=fn<onVnodeUnmounted> ref=Ref< Proxy(Object) > lang="en" > 
  at <RouterView> 
  at <App onVnodeUnmounted=fn<onVnodeUnmounted> ref=Ref< Proxy(Object) > lang="en" > 
  at <RouterView> 
  at <App> @ webpack-internal:///./node_modules/@vue/runtime-core/dist/runtime-core.esm-bundler.js:252
[  795469ms] [WARNING] [Vue warn]: Property "name" was accessed during render but is not defined on instance. 
  at <Gsrbr010101 onVnodeUnmounted=fn<onVnodeUnmounted> ref=Ref< Proxy(Object) > lang="en" > 
  at <RouterView> 
  at <App onVnodeUnmounted=fn<onVnodeUnmounted> ref=Ref< Proxy(Object) > lang="en" > 
  at <RouterView> 
  at <App> @ webpack-internal:///./node_modules/@vue/runtime-core/dist/runtime-core.esm-bundler.js:252
[  795470ms] [WARNING] [Vue warn]: Property "name" was accessed during render but is not defined on instance. 
  at <Gsrbr010101 onVnodeUnmounted=fn<onVnodeUnmounted> ref=Ref< Proxy(Object) > lang="en" > 
  at <RouterView> 
  at <App onVnodeUnmounted=fn<onVnodeUnmounted> ref=Ref< Proxy(Object) > lang="en" > 
  at <RouterView> 
  at <App> @ webpack-internal:///./node_modules/@vue/runtime-core/dist/runtime-core.esm-bundler.js:252
[  795470ms] [WARNING] [Vue warn]: Property "name" was accessed during render but is not defined on instance. 
  at <Gsrbr010101 onVnodeUnmounted=fn<onVnodeUnmounted> ref=Ref< Proxy(Object) > lang="en" > 
  at <RouterView> 
  at <App onVnodeUnmounted=fn<onVnodeUnmounted> ref=Ref< Proxy(Object) > lang="en" > 
  at <RouterView> 
  at <App> @ webpack-internal:///./node_modules/@vue/runtime-core/dist/runtime-core.esm-bundler.js:252
[  795470ms] [WARNING] [Vue warn]: Property "name" was accessed during render but is not defined on instance. 
  at <Gsrbr010101 onVnodeUnmounted=fn<onVnodeUnmounted> ref=Ref< Proxy(Object) > lang="en" > 
  at <RouterView> 
  at <App onVnodeUnmounted=fn<onVnodeUnmounted> ref=Ref< Proxy(Object) > lang="en" > 
  at <RouterView> 
  at <App> @ webpack-internal:///./node_modules/@vue/runtime-core/dist/runtime-core.esm-bundler.js:252
[  795471ms] [WARNING] [Vue warn]: Property "name" was accessed during render but is not defined on instance. 
  at <Gsrbr010101 onVnodeUnmounted=fn<onVnodeUnmounted> ref=Ref< Proxy(Object) > lang="en" > 
  at <RouterView> 
  at <App onVnodeUnmounted=fn<onVnodeUnmounted> ref=Ref< Proxy(Object) > lang="en" > 
  at <RouterView> 
  at <App> @ webpack-internal:///./node_modules/@vue/runtime-core/dist/runtime-core.esm-bundler.js:252
[  795471ms] [WARNING] [Vue warn]: Property "name" was accessed during render but is not defined on instance. 
  at <Gsrbr010101 onVnodeUnmounted=fn<onVnodeUnmounted> ref=Ref< Proxy(Object) > lang="en" > 
  at <RouterView> 
  at <App onVnodeUnmounted=fn<onVnodeUnmounted> ref=Ref< Proxy(Object) > lang="en" > 
  at <RouterView> 
  at <App> @ webpack-internal:///./node_modules/@vue/runtime-core/dist/runtime-core.esm-bundler.js:252
[  795471ms] [WARNING] [Vue warn]: Property "name" was accessed during render but is not defined on instance. 
  at <Gsrbr010101 onVnodeUnmounted=fn<onVnodeUnmounted> ref=Ref< Proxy(Object) > lang="en" > 
  at <RouterView> 
  at <App onVnodeUnmounted=fn<onVnodeUnmounted> ref=Ref< Proxy(Object) > lang="en" > 
  at <RouterView> 
  at <App> @ webpack-internal:///./node_modules/@vue/runtime-core/dist/runtime-core.esm-bundler.js:252
[  795472ms] [WARNING] [Vue warn]: Property "name" was accessed during render but is not defined on instance. 
  at <Gsrbr010101 onVnodeUnmounted=fn<onVnodeUnmounted> ref=Ref< Proxy(Object) > lang="en" > 
  at <RouterView> 
  at <App onVnodeUnmounted=fn<onVnodeUnmounted> ref=Ref< Proxy(Object) > lang="en" > 
  at <RouterView> 
  at <App> @ webpack-internal:///./node_modules/@vue/runtime-core/dist/runtime-core.esm-bundler.js:252
[  795472ms] [WARNING] [Vue warn]: Property "name" was accessed during render but is not defined on instance. 
  at <Gsrbr010101 onVnodeUnmounted=fn<onVnodeUnmounted> ref=Ref< Proxy(Object) > lang="en" > 
  at <RouterView> 
  at <App onVnodeUnmounted=fn<onVnodeUnmounted> ref=Ref< Proxy(Object) > lang="en" > 
  at <RouterView> 
  at <App> @ webpack-internal:///./node_modules/@vue/runtime-core/dist/runtime-core.esm-bundler.js:252
[  797607ms] [WARNING] [Vue warn]: Property "name" was accessed during render but is not defined on instance. 
  at <Gsrbr010101 onVnodeUnmounted=fn<onVnodeUnmounted> ref=Ref< Proxy(Object) > lang="en" > 
  at <RouterView> 
  at <App onVnodeUnmounted=fn<onVnodeUnmounted> ref=Ref< Proxy(Object) > lang="en" > 
  at <RouterView> 
  at <App> @ webpack-internal:///./node_modules/@vue/runtime-core/dist/runtime-core.esm-bundler.js:252
[  797608ms] [WARNING] [Vue warn]: Property "name" was accessed during render but is not defined on instance. 
  at <Gsrbr010101 onVnodeUnmounted=fn<onVnodeUnmounted> ref=Ref< Proxy(Object) > lang="en" > 
  at <RouterView> 
  at <App onVnodeUnmounted=fn<onVnodeUnmounted> ref=Ref< Proxy(Object) > lang="en" > 
  at <RouterView> 
  at <App> @ webpack-internal:///./node_modules/@vue/runtime-core/dist/runtime-core.esm-bundler.js:252
[  797608ms] [WARNING] [Vue warn]: Property "name" was accessed during render but is not defined on instance. 
  at <Gsrbr010101 onVnodeUnmounted=fn<onVnodeUnmounted> ref=Ref< Proxy(Object) > lang="en" > 
  at <RouterView> 
  at <App onVnodeUnmounted=fn<onVnodeUnmounted> ref=Ref< Proxy(Object) > lang="en" > 
  at <RouterView> 
  at <App> @ webpack-internal:///./node_modules/@vue/runtime-core/dist/runtime-core.esm-bundler.js:252
[  797608ms] [WARNING] [Vue warn]: Property "name" was accessed during render but is not defined on instance. 
  at <Gsrbr010101 onVnodeUnmounted=fn<onVnodeUnmounted> ref=Ref< Proxy(Object) > lang="en" > 
  at <RouterView> 
  at <App onVnodeUnmounted=fn<onVnodeUnmounted> ref=Ref< Proxy(Object) > lang="en" > 
  at <RouterView> 
  at <App> @ webpack-internal:///./node_modules/@vue/runtime-core/dist/runtime-core.esm-bundler.js:252
[  797609ms] [WARNING] [Vue warn]: Property "name" was accessed during render but is not defined on instance. 
  at <Gsrbr010101 onVnodeUnmounted=fn<onVnodeUnmounted> ref=Ref< Proxy(Object) > lang="en" > 
  at <RouterView> 
  at <App onVnodeUnmounted=fn<onVnodeUnmounted> ref=Ref< Proxy(Object) > lang="en" > 
  at <RouterView> 
  at <App> @ webpack-internal:///./node_modules/@vue/runtime-core/dist/runtime-core.esm-bundler.js:252
[  797609ms] [WARNING] [Vue warn]: Property "name" was accessed during render but is not defined on instance. 
  at <Gsrbr010101 onVnodeUnmounted=fn<onVnodeUnmounted> ref=Ref< Proxy(Object) > lang="en" > 
  at <RouterView> 
  at <App onVnodeUnmounted=fn<onVnodeUnmounted> ref=Ref< Proxy(Object) > lang="en" > 
  at <RouterView> 
  at <App> @ webpack-internal:///./node_modules/@vue/runtime-core/dist/runtime-core.esm-bundler.js:252
[  797609ms] [WARNING] [Vue warn]: Property "name" was accessed during render but is not defined on instance. 
  at <Gsrbr010101 onVnodeUnmounted=fn<onVnodeUnmounted> ref=Ref< Proxy(Object) > lang="en" > 
  at <RouterView> 
  at <App onVnodeUnmounted=fn<onVnodeUnmounted> ref=Ref< Proxy(Object) > lang="en" > 
  at <RouterView> 
  at <App> @ webpack-internal:///./node_modules/@vue/runtime-core/dist/runtime-core.esm-bundler.js:252
[  797610ms] [WARNING] [Vue warn]: Property "name" was accessed during render but is not defined on instance. 
  at <Gsrbr010101 onVnodeUnmounted=fn<onVnodeUnmounted> ref=Ref< Proxy(Object) > lang="en" > 
  at <RouterView> 
  at <App onVnodeUnmounted=fn<onVnodeUnmounted> ref=Ref< Proxy(Object) > lang="en" > 
  at <RouterView> 
  at <App> @ webpack-internal:///./node_modules/@vue/runtime-core/dist/runtime-core.esm-bundler.js:252
[  797610ms] [WARNING] [Vue warn]: Property "name" was accessed during render but is not defined on instance. 
  at <Gsrbr010101 onVnodeUnmounted=fn<onVnodeUnmounted> ref=Ref< Proxy(Object) > lang="en" > 
  at <RouterView> 
  at <App onVnodeUnmounted=fn<onVnodeUnmounted> ref=Ref< Proxy(Object) > lang="en" > 
  at <RouterView> 
  at <App> @ webpack-internal:///./node_modules/@vue/runtime-core/dist/runtime-core.esm-bundler.js:252
[  797610ms] [WARNING] [Vue warn]: Property "name" was accessed during render but is not defined on instance. 
  at <Gsrbr010101 onVnodeUnmounted=fn<onVnodeUnmounted> ref=Ref< Proxy(Object) > lang="en" > 
  at <RouterView> 
  at <App onVnodeUnmounted=fn<onVnodeUnmounted> ref=Ref< Proxy(Object) > lang="en" > 
  at <RouterView> 
  at <App> @ webpack-internal:///./node_modules/@vue/runtime-core/dist/runtime-core.esm-bundler.js:252
[  797611ms] [WARNING] [Vue warn]: Property "name" was accessed during render but is not defined on instance. 
  at <Gsrbr010101 onVnodeUnmounted=fn<onVnodeUnmounted> ref=Ref< Proxy(Object) > lang="en" > 
  at <RouterView> 
  at <App onVnodeUnmounted=fn<onVnodeUnmounted> ref=Ref< Proxy(Object) > lang="en" > 
  at <RouterView> 
  at <App> @ webpack-internal:///./node_modules/@vue/runtime-core/dist/runtime-core.esm-bundler.js:252
[  798357ms] [WARNING] [Vue warn]: Property "name" was accessed during render but is not defined on instance. 
  at <Gsrbr010101 onVnodeUnmounted=fn<onVnodeUnmounted> ref=Ref< Proxy(Object) > lang="en" > 
  at <RouterView> 
  at <App onVnodeUnmounted=fn<onVnodeUnmounted> ref=Ref< Proxy(Object) > lang="en" > 
  at <RouterView> 
  at <App> @ webpack-internal:///./node_modules/@vue/runtime-core/dist/runtime-core.esm-bundler.js:252
[  798358ms] [WARNING] [Vue warn]: Property "name" was accessed during render but is not defined on instance. 
  at <Gsrbr010101 onVnodeUnmounted=fn<onVnodeUnmounted> ref=Ref< Proxy(Object) > lang="en" > 
  at <RouterView> 
  at <App onVnodeUnmounted=fn<onVnodeUnmounted> ref=Ref< Proxy(Object) > lang="en" > 
  at <RouterView> 
  at <App> @ webpack-internal:///./node_modules/@vue/runtime-core/dist/runtime-core.esm-bundler.js:252
[  798358ms] [WARNING] [Vue warn]: Property "name" was accessed during render but is not defined on instance. 
  at <Gsrbr010101 onVnodeUnmounted=fn<onVnodeUnmounted> ref=Ref< Proxy(Object) > lang="en" > 
  at <RouterView> 
  at <App onVnodeUnmounted=fn<onVnodeUnmounted> ref=Ref< Proxy(Object) > lang="en" > 
  at <RouterView> 
  at <App> @ webpack-internal:///./node_modules/@vue/runtime-core/dist/runtime-core.esm-bundler.js:252
[  798359ms] [WARNING] [Vue warn]: Property "name" was accessed during render but is not defined on instance. 
  at <Gsrbr010101 onVnodeUnmounted=fn<onVnodeUnmounted> ref=Ref< Proxy(Object) > lang="en" > 
  at <RouterView> 
  at <App onVnodeUnmounted=fn<onVnodeUnmounted> ref=Ref< Proxy(Object) > lang="en" > 
  at <RouterView> 
  at <App> @ webpack-internal:///./node_modules/@vue/runtime-core/dist/runtime-core.esm-bundler.js:252
[  798359ms] [WARNING] [Vue warn]: Property "name" was accessed during render but is not defined on instance. 
  at <Gsrbr010101 onVnodeUnmounted=fn<onVnodeUnmounted> ref=Ref< Proxy(Object) > lang="en" > 
  at <RouterView> 
  at <App onVnodeUnmounted=fn<onVnodeUnmounted> ref=Ref< Proxy(Object) > lang="en" > 
  at <RouterView> 
  at <App> @ webpack-internal:///./node_modules/@vue/runtime-core/dist/runtime-core.esm-bundler.js:252
[  798360ms] [WARNING] [Vue warn]: Property "name" was accessed during render but is not defined on instance. 
  at <Gsrbr010101 onVnodeUnmounted=fn<onVnodeUnmounted> ref=Ref< Proxy(Object) > lang="en" > 
  at <RouterView> 
  at <App onVnodeUnmounted=fn<onVnodeUnmounted> ref=Ref< Proxy(Object) > lang="en" > 
  at <RouterView> 
  at <App> @ webpack-internal:///./node_modules/@vue/runtime-core/dist/runtime-core.esm-bundler.js:252
[  798360ms] [WARNING] [Vue warn]: Property "name" was accessed during render but is not defined on instance. 
  at <Gsrbr010101 onVnodeUnmounted=fn<onVnodeUnmounted> ref=Ref< Proxy(Object) > lang="en" > 
  at <RouterView> 
  at <App onVnodeUnmounted=fn<onVnodeUnmounted> ref=Ref< Proxy(Object) > lang="en" > 
  at <RouterView> 
  at <App> @ webpack-internal:///./node_modules/@vue/runtime-core/dist/runtime-core.esm-bundler.js:252
[  798361ms] [WARNING] [Vue warn]: Property "name" was accessed during render but is not defined on instance. 
  at <Gsrbr010101 onVnodeUnmounted=fn<onVnodeUnmounted> ref=Ref< Proxy(Object) > lang="en" > 
  at <RouterView> 
  at <App onVnodeUnmounted=fn<onVnodeUnmounted> ref=Ref< Proxy(Object) > lang="en" > 
  at <RouterView> 
  at <App> @ webpack-internal:///./node_modules/@vue/runtime-core/dist/runtime-core.esm-bundler.js:252
[  798361ms] [WARNING] [Vue warn]: Property "name" was accessed during render but is not defined on instance. 
  at <Gsrbr010101 onVnodeUnmounted=fn<onVnodeUnmounted> ref=Ref< Proxy(Object) > lang="en" > 
  at <RouterView> 
  at <App onVnodeUnmounted=fn<onVnodeUnmounted> ref=Ref< Proxy(Object) > lang="en" > 
  at <RouterView> 
  at <App> @ webpack-internal:///./node_modules/@vue/runtime-core/dist/runtime-core.esm-bundler.js:252
[  798361ms] [WARNING] [Vue warn]: Property "name" was accessed during render but is not defined on instance. 
  at <Gsrbr010101 onVnodeUnmounted=fn<onVnodeUnmounted> ref=Ref< Proxy(Object) > lang="en" > 
  at <RouterView> 
  at <App onVnodeUnmounted=fn<onVnodeUnmounted> ref=Ref< Proxy(Object) > lang="en" > 
  at <RouterView> 
  at <App> @ webpack-internal:///./node_modules/@vue/runtime-core/dist/runtime-core.esm-bundler.js:252
[  798362ms] [WARNING] [Vue warn]: Property "name" was accessed during render but is not defined on instance. 
  at <Gsrbr010101 onVnodeUnmounted=fn<onVnodeUnmounted> ref=Ref< Proxy(Object) > lang="en" > 
  at <RouterView> 
  at <App onVnodeUnmounted=fn<onVnodeUnmounted> ref=Ref< Proxy(Object) > lang="en" > 
  at <RouterView> 
  at <App> @ webpack-internal:///./node_modules/@vue/runtime-core/dist/runtime-core.esm-bundler.js:252
[  824043ms] [WARNING] [Vue warn]: Property "name" was accessed during render but is not defined on instance. 
  at <Gsrbr010101 onVnodeUnmounted=fn<onVnodeUnmounted> ref=Ref< Proxy(Object) > lang="en" > 
  at <RouterView> 
  at <App onVnodeUnmounted=fn<onVnodeUnmounted> ref=Ref< Proxy(Object) > lang="en" > 
  at <RouterView> 
  at <App> @ webpack-internal:///./node_modules/@vue/runtime-core/dist/runtime-core.esm-bundler.js:252
[  824044ms] [WARNING] [Vue warn]: Property "name" was accessed during render but is not defined on instance. 
  at <Gsrbr010101 onVnodeUnmounted=fn<onVnodeUnmounted> ref=Ref< Proxy(Object) > lang="en" > 
  at <RouterView> 
  at <App onVnodeUnmounted=fn<onVnodeUnmounted> ref=Ref< Proxy(Object) > lang="en" > 
  at <RouterView> 
  at <App> @ webpack-internal:///./node_modules/@vue/runtime-core/dist/runtime-core.esm-bundler.js:252
[  824044ms] [WARNING] [Vue warn]: Property "name" was accessed during render but is not defined on instance. 
  at <Gsrbr010101 onVnodeUnmounted=fn<onVnodeUnmounted> ref=Ref< Proxy(Object) > lang="en" > 
  at <RouterView> 
  at <App onVnodeUnmounted=fn<onVnodeUnmounted> ref=Ref< Proxy(Object) > lang="en" > 
  at <RouterView> 
  at <App> @ webpack-internal:///./node_modules/@vue/runtime-core/dist/runtime-core.esm-bundler.js:252
[  824045ms] [WARNING] [Vue warn]: Property "name" was accessed during render but is not defined on instance. 
  at <Gsrbr010101 onVnodeUnmounted=fn<onVnodeUnmounted> ref=Ref< Proxy(Object) > lang="en" > 
  at <RouterView> 
  at <App onVnodeUnmounted=fn<onVnodeUnmounted> ref=Ref< Proxy(Object) > lang="en" > 
  at <RouterView> 
  at <App> @ webpack-internal:///./node_modules/@vue/runtime-core/dist/runtime-core.esm-bundler.js:252
[  824045ms] [WARNING] [Vue warn]: Property "name" was accessed during render but is not defined on instance. 
  at <Gsrbr010101 onVnodeUnmounted=fn<onVnodeUnmounted> ref=Ref< Proxy(Object) > lang="en" > 
  at <RouterView> 
  at <App onVnodeUnmounted=fn<onVnodeUnmounted> ref=Ref< Proxy(Object) > lang="en" > 
  at <RouterView> 
  at <App> @ webpack-internal:///./node_modules/@vue/runtime-core/dist/runtime-core.esm-bundler.js:252
[  824046ms] [WARNING] [Vue warn]: Property "name" was accessed during render but is not defined on instance. 
  at <Gsrbr010101 onVnodeUnmounted=fn<onVnodeUnmounted> ref=Ref< Proxy(Object) > lang="en" > 
  at <RouterView> 
  at <App onVnodeUnmounted=fn<onVnodeUnmounted> ref=Ref< Proxy(Object) > lang="en" > 
  at <RouterView> 
  at <App> @ webpack-internal:///./node_modules/@vue/runtime-core/dist/runtime-core.esm-bundler.js:252
[  824047ms] [WARNING] [Vue warn]: Property "name" was accessed during render but is not defined on instance. 
  at <Gsrbr010101 onVnodeUnmounted=fn<onVnodeUnmounted> ref=Ref< Proxy(Object) > lang="en" > 
  at <RouterView> 
  at <App onVnodeUnmounted=fn<onVnodeUnmounted> ref=Ref< Proxy(Object) > lang="en" > 
  at <RouterView> 
  at <App> @ webpack-internal:///./node_modules/@vue/runtime-core/dist/runtime-core.esm-bundler.js:252
[  824047ms] [WARNING] [Vue warn]: Property "name" was accessed during render but is not defined on instance. 
  at <Gsrbr010101 onVnodeUnmounted=fn<onVnodeUnmounted> ref=Ref< Proxy(Object) > lang="en" > 
  at <RouterView> 
  at <App onVnodeUnmounted=fn<onVnodeUnmounted> ref=Ref< Proxy(Object) > lang="en" > 
  at <RouterView> 
  at <App> @ webpack-internal:///./node_modules/@vue/runtime-core/dist/runtime-core.esm-bundler.js:252
[  824047ms] [WARNING] [Vue warn]: Property "name" was accessed during render but is not defined on instance. 
  at <Gsrbr010101 onVnodeUnmounted=fn<onVnodeUnmounted> ref=Ref< Proxy(Object) > lang="en" > 
  at <RouterView> 
  at <App onVnodeUnmounted=fn<onVnodeUnmounted> ref=Ref< Proxy(Object) > lang="en" > 
  at <RouterView> 
  at <App> @ webpack-internal:///./node_modules/@vue/runtime-core/dist/runtime-core.esm-bundler.js:252
[  824048ms] [WARNING] [Vue warn]: Property "name" was accessed during render but is not defined on instance. 
  at <Gsrbr010101 onVnodeUnmounted=fn<onVnodeUnmounted> ref=Ref< Proxy(Object) > lang="en" > 
  at <RouterView> 
  at <App onVnodeUnmounted=fn<onVnodeUnmounted> ref=Ref< Proxy(Object) > lang="en" > 
  at <RouterView> 
  at <App> @ webpack-internal:///./node_modules/@vue/runtime-core/dist/runtime-core.esm-bundler.js:252
[  824048ms] [WARNING] [Vue warn]: Property "name" was accessed during render but is not defined on instance. 
  at <Gsrbr010101 onVnodeUnmounted=fn<onVnodeUnmounted> ref=Ref< Proxy(Object) > lang="en" > 
  at <RouterView> 
  at <App onVnodeUnmounted=fn<onVnodeUnmounted> ref=Ref< Proxy(Object) > lang="en" > 
  at <RouterView> 
  at <App> @ webpack-internal:///./node_modules/@vue/runtime-core/dist/runtime-core.esm-bundler.js:252
[  981346ms] [WARNING] [Vue warn]: Property "name" was accessed during render but is not defined on instance. 
  at <Gsrbr010101 onVnodeUnmounted=fn<onVnodeUnmounted> ref=Ref< Proxy(Object) > lang="ko" > 
  at <RouterView> 
  at <App onVnodeUnmounted=fn<onVnodeUnmounted> ref=Ref< Proxy(Object) > lang="ko" > 
  at <RouterView> 
  at <App> @ webpack-internal:///./node_modules/@vue/runtime-core/dist/runtime-core.esm-bundler.js:252
[  981346ms] [WARNING] [Vue warn]: Property "name" was accessed during render but is not defined on instance. 
  at <Gsrbr010101 onVnodeUnmounted=fn<onVnodeUnmounted> ref=Ref< Proxy(Object) > lang="ko" > 
  at <RouterView> 
  at <App onVnodeUnmounted=fn<onVnodeUnmounted> ref=Ref< Proxy(Object) > lang="ko" > 
  at <RouterView> 
  at <App> @ webpack-internal:///./node_modules/@vue/runtime-core/dist/runtime-core.esm-bundler.js:252
[  981347ms] [WARNING] [Vue warn]: Property "name" was accessed during render but is not defined on instance. 
  at <Gsrbr010101 onVnodeUnmounted=fn<onVnodeUnmounted> ref=Ref< Proxy(Object) > lang="ko" > 
  at <RouterView> 
  at <App onVnodeUnmounted=fn<onVnodeUnmounted> ref=Ref< Proxy(Object) > lang="ko" > 
  at <RouterView> 
  at <App> @ webpack-internal:///./node_modules/@vue/runtime-core/dist/runtime-core.esm-bundler.js:252
[  981347ms] [WARNING] [Vue warn]: Property "name" was accessed during render but is not defined on instance. 
  at <Gsrbr010101 onVnodeUnmounted=fn<onVnodeUnmounted> ref=Ref< Proxy(Object) > lang="ko" > 
  at <RouterView> 
  at <App onVnodeUnmounted=fn<onVnodeUnmounted> ref=Ref< Proxy(Object) > lang="ko" > 
  at <RouterView> 
  at <App> @ webpack-internal:///./node_modules/@vue/runtime-core/dist/runtime-core.esm-bundler.js:252
[  981348ms] [WARNING] [Vue warn]: Property "name" was accessed during render but is not defined on instance. 
  at <Gsrbr010101 onVnodeUnmounted=fn<onVnodeUnmounted> ref=Ref< Proxy(Object) > lang="ko" > 
  at <RouterView> 
  at <App onVnodeUnmounted=fn<onVnodeUnmounted> ref=Ref< Proxy(Object) > lang="ko" > 
  at <RouterView> 
  at <App> @ webpack-internal:///./node_modules/@vue/runtime-core/dist/runtime-core.esm-bundler.js:252
[  981349ms] [WARNING] [Vue warn]: Property "name" was accessed during render but is not defined on instance. 
  at <Gsrbr010101 onVnodeUnmounted=fn<onVnodeUnmounted> ref=Ref< Proxy(Object) > lang="ko" > 
  at <RouterView> 
  at <App onVnodeUnmounted=fn<onVnodeUnmounted> ref=Ref< Proxy(Object) > lang="ko" > 
  at <RouterView> 
  at <App> @ webpack-internal:///./node_modules/@vue/runtime-core/dist/runtime-core.esm-bundler.js:252
[  981349ms] [WARNING] [Vue warn]: Property "name" was accessed during render but is not defined on instance. 
  at <Gsrbr010101 onVnodeUnmounted=fn<onVnodeUnmounted> ref=Ref< Proxy(Object) > lang="ko" > 
  at <RouterView> 
  at <App onVnodeUnmounted=fn<onVnodeUnmounted> ref=Ref< Proxy(Object) > lang="ko" > 
  at <RouterView> 
  at <App> @ webpack-internal:///./node_modules/@vue/runtime-core/dist/runtime-core.esm-bundler.js:252
[  981350ms] [WARNING] [Vue warn]: Property "name" was accessed during render but is not defined on instance. 
  at <Gsrbr010101 onVnodeUnmounted=fn<onVnodeUnmounted> ref=Ref< Proxy(Object) > lang="ko" > 
  at <RouterView> 
  at <App onVnodeUnmounted=fn<onVnodeUnmounted> ref=Ref< Proxy(Object) > lang="ko" > 
  at <RouterView> 
  at <App> @ webpack-internal:///./node_modules/@vue/runtime-core/dist/runtime-core.esm-bundler.js:252
[  981350ms] [WARNING] [Vue warn]: Property "name" was accessed during render but is not defined on instance. 
  at <Gsrbr010101 onVnodeUnmounted=fn<onVnodeUnmounted> ref=Ref< Proxy(Object) > lang="ko" > 
  at <RouterView> 
  at <App onVnodeUnmounted=fn<onVnodeUnmounted> ref=Ref< Proxy(Object) > lang="ko" > 
  at <RouterView> 
  at <App> @ webpack-internal:///./node_modules/@vue/runtime-core/dist/runtime-core.esm-bundler.js:252
[  981351ms] [WARNING] [Vue warn]: Property "name" was accessed during render but is not defined on instance. 
  at <Gsrbr010101 onVnodeUnmounted=fn<onVnodeUnmounted> ref=Ref< Proxy(Object) > lang="ko" > 
  at <RouterView> 
  at <App onVnodeUnmounted=fn<onVnodeUnmounted> ref=Ref< Proxy(Object) > lang="ko" > 
  at <RouterView> 
  at <App> @ webpack-internal:///./node_modules/@vue/runtime-core/dist/runtime-core.esm-bundler.js:252
[  981352ms] [WARNING] [Vue warn]: Property "name" was accessed during render but is not defined on instance. 
  at <Gsrbr010101 onVnodeUnmounted=fn<onVnodeUnmounted> ref=Ref< Proxy(Object) > lang="ko" > 
  at <RouterView> 
  at <App onVnodeUnmounted=fn<onVnodeUnmounted> ref=Ref< Proxy(Object) > lang="ko" > 
  at <RouterView> 
  at <App> @ webpack-internal:///./node_modules/@vue/runtime-core/dist/runtime-core.esm-bundler.js:252
[  984568ms] [WARNING] [Vue warn]: Property "name" was accessed during render but is not defined on instance. 
  at <Gsrbr010101 onVnodeUnmounted=fn<onVnodeUnmounted> ref=Ref< Proxy(Object) > lang="en" > 
  at <RouterView> 
  at <App onVnodeUnmounted=fn<onVnodeUnmounted> ref=Ref< Proxy(Object) > lang="en" > 
  at <RouterView> 
  at <App> @ webpack-internal:///./node_modules/@vue/runtime-core/dist/runtime-core.esm-bundler.js:252
[  984568ms] [WARNING] [Vue warn]: Property "name" was accessed during render but is not defined on instance. 
  at <Gsrbr010101 onVnodeUnmounted=fn<onVnodeUnmounted> ref=Ref< Proxy(Object) > lang="en" > 
  at <RouterView> 
  at <App onVnodeUnmounted=fn<onVnodeUnmounted> ref=Ref< Proxy(Object) > lang="en" > 
  at <RouterView> 
  at <App> @ webpack-internal:///./node_modules/@vue/runtime-core/dist/runtime-core.esm-bundler.js:252
[  984569ms] [WARNING] [Vue warn]: Property "name" was accessed during render but is not defined on instance. 
  at <Gsrbr010101 onVnodeUnmounted=fn<onVnodeUnmounted> ref=Ref< Proxy(Object) > lang="en" > 
  at <RouterView> 
  at <App onVnodeUnmounted=fn<onVnodeUnmounted> ref=Ref< Proxy(Object) > lang="en" > 
  at <RouterView> 
  at <App> @ webpack-internal:///./node_modules/@vue/runtime-core/dist/runtime-core.esm-bundler.js:252
[  984569ms] [WARNING] [Vue warn]: Property "name" was accessed during render but is not defined on instance. 
  at <Gsrbr010101 onVnodeUnmounted=fn<onVnodeUnmounted> ref=Ref< Proxy(Object) > lang="en" > 
  at <RouterView> 
  at <App onVnodeUnmounted=fn<onVnodeUnmounted> ref=Ref< Proxy(Object) > lang="en" > 
  at <RouterView> 
  at <App> @ webpack-internal:///./node_modules/@vue/runtime-core/dist/runtime-core.esm-bundler.js:252
[  984570ms] [WARNING] [Vue warn]: Property "name" was accessed during render but is not defined on instance. 
  at <Gsrbr010101 onVnodeUnmounted=fn<onVnodeUnmounted> ref=Ref< Proxy(Object) > lang="en" > 
  at <RouterView> 
  at <App onVnodeUnmounted=fn<onVnodeUnmounted> ref=Ref< Proxy(Object) > lang="en" > 
  at <RouterView> 
  at <App> @ webpack-internal:///./node_modules/@vue/runtime-core/dist/runtime-core.esm-bundler.js:252
[  984570ms] [WARNING] [Vue warn]: Property "name" was accessed during render but is not defined on instance. 
  at <Gsrbr010101 onVnodeUnmounted=fn<onVnodeUnmounted> ref=Ref< Proxy(Object) > lang="en" > 
  at <RouterView> 
  at <App onVnodeUnmounted=fn<onVnodeUnmounted> ref=Ref< Proxy(Object) > lang="en" > 
  at <RouterView> 
  at <App> @ webpack-internal:///./node_modules/@vue/runtime-core/dist/runtime-core.esm-bundler.js:252
[  984571ms] [WARNING] [Vue warn]: Property "name" was accessed during render but is not defined on instance. 
  at <Gsrbr010101 onVnodeUnmounted=fn<onVnodeUnmounted> ref=Ref< Proxy(Object) > lang="en" > 
  at <RouterView> 
  at <App onVnodeUnmounted=fn<onVnodeUnmounted> ref=Ref< Proxy(Object) > lang="en" > 
  at <RouterView> 
  at <App> @ webpack-internal:///./node_modules/@vue/runtime-core/dist/runtime-core.esm-bundler.js:252
[  984571ms] [WARNING] [Vue warn]: Property "name" was accessed during render but is not defined on instance. 
  at <Gsrbr010101 onVnodeUnmounted=fn<onVnodeUnmounted> ref=Ref< Proxy(Object) > lang="en" > 
  at <RouterView> 
  at <App onVnodeUnmounted=fn<onVnodeUnmounted> ref=Ref< Proxy(Object) > lang="en" > 
  at <RouterView> 
  at <App> @ webpack-internal:///./node_modules/@vue/runtime-core/dist/runtime-core.esm-bundler.js:252
[  984572ms] [WARNING] [Vue warn]: Property "name" was accessed during render but is not defined on instance. 
  at <Gsrbr010101 onVnodeUnmounted=fn<onVnodeUnmounted> ref=Ref< Proxy(Object) > lang="en" > 
  at <RouterView> 
  at <App onVnodeUnmounted=fn<onVnodeUnmounted> ref=Ref< Proxy(Object) > lang="en" > 
  at <RouterView> 
  at <App> @ webpack-internal:///./node_modules/@vue/runtime-core/dist/runtime-core.esm-bundler.js:252
[  984573ms] [WARNING] [Vue warn]: Property "name" was accessed during render but is not defined on instance. 
  at <Gsrbr010101 onVnodeUnmounted=fn<onVnodeUnmounted> ref=Ref< Proxy(Object) > lang="en" > 
  at <RouterView> 
  at <App onVnodeUnmounted=fn<onVnodeUnmounted> ref=Ref< Proxy(Object) > lang="en" > 
  at <RouterView> 
  at <App> @ webpack-internal:///./node_modules/@vue/runtime-core/dist/runtime-core.esm-bundler.js:252
[  984573ms] [WARNING] [Vue warn]: Property "name" was accessed during render but is not defined on instance. 
  at <Gsrbr010101 onVnodeUnmounted=fn<onVnodeUnmounted> ref=Ref< Proxy(Object) > lang="en" > 
  at <RouterView> 
  at <App onVnodeUnmounted=fn<onVnodeUnmounted> ref=Ref< Proxy(Object) > lang="en" > 
  at <RouterView> 
  at <App> @ webpack-internal:///./node_modules/@vue/runtime-core/dist/runtime-core.esm-bundler.js:252
[ 1033980ms] [WARNING] [Vue warn]: Property "name" was accessed during render but is not defined on instance. 
  at <Gsrbr010101 onVnodeUnmounted=fn<onVnodeUnmounted> ref=Ref< Proxy(Object) > lang="en" > 
  at <RouterView> 
  at <App onVnodeUnmounted=fn<onVnodeUnmounted> ref=Ref< Proxy(Object) > lang="en" > 
  at <RouterView> 
  at <App> @ webpack-internal:///./node_modules/@vue/runtime-core/dist/runtime-core.esm-bundler.js:252
[ 1033981ms] [WARNING] [Vue warn]: Property "name" was accessed during render but is not defined on instance. 
  at <Gsrbr010101 onVnodeUnmounted=fn<onVnodeUnmounted> ref=Ref< Proxy(Object) > lang="en" > 
  at <RouterView> 
  at <App onVnodeUnmounted=fn<onVnodeUnmounted> ref=Ref< Proxy(Object) > lang="en" > 
  at <RouterView> 
  at <App> @ webpack-internal:///./node_modules/@vue/runtime-core/dist/runtime-core.esm-bundler.js:252
[ 1033981ms] [WARNING] [Vue warn]: Property "name" was accessed during render but is not defined on instance. 
  at <Gsrbr010101 onVnodeUnmounted=fn<onVnodeUnmounted> ref=Ref< Proxy(Object) > lang="en" > 
  at <RouterView> 
  at <App onVnodeUnmounted=fn<onVnodeUnmounted> ref=Ref< Proxy(Object) > lang="en" > 
  at <RouterView> 
  at <App> @ webpack-internal:///./node_modules/@vue/runtime-core/dist/runtime-core.esm-bundler.js:252
[ 1033982ms] [WARNING] [Vue warn]: Property "name" was accessed during render but is not defined on instance. 
  at <Gsrbr010101 onVnodeUnmounted=fn<onVnodeUnmounted> ref=Ref< Proxy(Object) > lang="en" > 
  at <RouterView> 
  at <App onVnodeUnmounted=fn<onVnodeUnmounted> ref=Ref< Proxy(Object) > lang="en" > 
  at <RouterView> 
  at <App> @ webpack-internal:///./node_modules/@vue/runtime-core/dist/runtime-core.esm-bundler.js:252
[ 1033982ms] [WARNING] [Vue warn]: Property "name" was accessed during render but is not defined on instance. 
  at <Gsrbr010101 onVnodeUnmounted=fn<onVnodeUnmounted> ref=Ref< Proxy(Object) > lang="en" > 
  at <RouterView> 
  at <App onVnodeUnmounted=fn<onVnodeUnmounted> ref=Ref< Proxy(Object) > lang="en" > 
  at <RouterView> 
  at <App> @ webpack-internal:///./node_modules/@vue/runtime-core/dist/runtime-core.esm-bundler.js:252
[ 1033983ms] [WARNING] [Vue warn]: Property "name" was accessed during render but is not defined on instance. 
  at <Gsrbr010101 onVnodeUnmounted=fn<onVnodeUnmounted> ref=Ref< Proxy(Object) > lang="en" > 
  at <RouterView> 
  at <App onVnodeUnmounted=fn<onVnodeUnmounted> ref=Ref< Proxy(Object) > lang="en" > 
  at <RouterView> 
  at <App> @ webpack-internal:///./node_modules/@vue/runtime-core/dist/runtime-core.esm-bundler.js:252
[ 1033983ms] [WARNING] [Vue warn]: Property "name" was accessed during render but is not defined on instance. 
  at <Gsrbr010101 onVnodeUnmounted=fn<onVnodeUnmounted> ref=Ref< Proxy(Object) > lang="en" > 
  at <RouterView> 
  at <App onVnodeUnmounted=fn<onVnodeUnmounted> ref=Ref< Proxy(Object) > lang="en" > 
  at <RouterView> 
  at <App> @ webpack-internal:///./node_modules/@vue/runtime-core/dist/runtime-core.esm-bundler.js:252
[ 1033984ms] [WARNING] [Vue warn]: Property "name" was accessed during render but is not defined on instance. 
  at <Gsrbr010101 onVnodeUnmounted=fn<onVnodeUnmounted> ref=Ref< Proxy(Object) > lang="en" > 
  at <RouterView> 
  at <App onVnodeUnmounted=fn<onVnodeUnmounted> ref=Ref< Proxy(Object) > lang="en" > 
  at <RouterView> 
  at <App> @ webpack-internal:///./node_modules/@vue/runtime-core/dist/runtime-core.esm-bundler.js:252
[ 1033984ms] [WARNING] [Vue warn]: Property "name" was accessed during render but is not defined on instance. 
  at <Gsrbr010101 onVnodeUnmounted=fn<onVnodeUnmounted> ref=Ref< Proxy(Object) > lang="en" > 
  at <RouterView> 
  at <App onVnodeUnmounted=fn<onVnodeUnmounted> ref=Ref< Proxy(Object) > lang="en" > 
  at <RouterView> 
  at <App> @ webpack-internal:///./node_modules/@vue/runtime-core/dist/runtime-core.esm-bundler.js:252
[ 1033984ms] [WARNING] [Vue warn]: Property "name" was accessed during render but is not defined on instance. 
  at <Gsrbr010101 onVnodeUnmounted=fn<onVnodeUnmounted> ref=Ref< Proxy(Object) > lang="en" > 
  at <RouterView> 
  at <App onVnodeUnmounted=fn<onVnodeUnmounted> ref=Ref< Proxy(Object) > lang="en" > 
  at <RouterView> 
  at <App> @ webpack-internal:///./node_modules/@vue/runtime-core/dist/runtime-core.esm-bundler.js:252
[ 1033985ms] [WARNING] [Vue warn]: Property "name" was accessed during render but is not defined on instance. 
  at <Gsrbr010101 onVnodeUnmounted=fn<onVnodeUnmounted> ref=Ref< Proxy(Object) > lang="en" > 
  at <RouterView> 
  at <App onVnodeUnmounted=fn<onVnodeUnmounted> ref=Ref< Proxy(Object) > lang="en" > 
  at <RouterView> 
  at <App> @ webpack-internal:///./node_modules/@vue/runtime-core/dist/runtime-core.esm-bundler.js:252
[ 1037427ms] [WARNING] [Vue warn]: Property "name" was accessed during render but is not defined on instance. 
  at <Gsrbr010101 onVnodeUnmounted=fn<onVnodeUnmounted> ref=Ref< Proxy(Object) > lang="en" > 
  at <RouterView> 
  at <App onVnodeUnmounted=fn<onVnodeUnmounted> ref=Ref< Proxy(Object) > lang="en" > 
  at <RouterView> 
  at <App> @ webpack-internal:///./node_modules/@vue/runtime-core/dist/runtime-core.esm-bundler.js:252
[ 1037427ms] [WARNING] [Vue warn]: Property "name" was accessed during render but is not defined on instance. 
  at <Gsrbr010101 onVnodeUnmounted=fn<onVnodeUnmounted> ref=Ref< Proxy(Object) > lang="en" > 
  at <RouterView> 
  at <App onVnodeUnmounted=fn<onVnodeUnmounted> ref=Ref< Proxy(Object) > lang="en" > 
  at <RouterView> 
  at <App> @ webpack-internal:///./node_modules/@vue/runtime-core/dist/runtime-core.esm-bundler.js:252
[ 1037427ms] [WARNING] [Vue warn]: Property "name" was accessed during render but is not defined on instance. 
  at <Gsrbr010101 onVnodeUnmounted=fn<onVnodeUnmounted> ref=Ref< Proxy(Object) > lang="en" > 
  at <RouterView> 
  at <App onVnodeUnmounted=fn<onVnodeUnmounted> ref=Ref< Proxy(Object) > lang="en" > 
  at <RouterView> 
  at <App> @ webpack-internal:///./node_modules/@vue/runtime-core/dist/runtime-core.esm-bundler.js:252
[ 1037427ms] [WARNING] [Vue warn]: Property "name" was accessed during render but is not defined on instance. 
  at <Gsrbr010101 onVnodeUnmounted=fn<onVnodeUnmounted> ref=Ref< Proxy(Object) > lang="en" > 
  at <RouterView> 
  at <App onVnodeUnmounted=fn<onVnodeUnmounted> ref=Ref< Proxy(Object) > lang="en" > 
  at <RouterView> 
  at <App> @ webpack-internal:///./node_modules/@vue/runtime-core/dist/runtime-core.esm-bundler.js:252
[ 1037428ms] [WARNING] [Vue warn]: Property "name" was accessed during render but is not defined on instance. 
  at <Gsrbr010101 onVnodeUnmounted=fn<onVnodeUnmounted> ref=Ref< Proxy(Object) > lang="en" > 
  at <RouterView> 
  at <App onVnodeUnmounted=fn<onVnodeUnmounted> ref=Ref< Proxy(Object) > lang="en" > 
  at <RouterView> 
  at <App> @ webpack-internal:///./node_modules/@vue/runtime-core/dist/runtime-core.esm-bundler.js:252
[ 1037428ms] [WARNING] [Vue warn]: Property "name" was accessed during render but is not defined on instance. 
  at <Gsrbr010101 onVnodeUnmounted=fn<onVnodeUnmounted> ref=Ref< Proxy(Object) > lang="en" > 
  at <RouterView> 
  at <App onVnodeUnmounted=fn<onVnodeUnmounted> ref=Ref< Proxy(Object) > lang="en" > 
  at <RouterView> 
  at <App> @ webpack-internal:///./node_modules/@vue/runtime-core/dist/runtime-core.esm-bundler.js:252
[ 1037428ms] [WARNING] [Vue warn]: Property "name" was accessed during render but is not defined on instance. 
  at <Gsrbr010101 onVnodeUnmounted=fn<onVnodeUnmounted> ref=Ref< Proxy(Object) > lang="en" > 
  at <RouterView> 
  at <App onVnodeUnmounted=fn<onVnodeUnmounted> ref=Ref< Proxy(Object) > lang="en" > 
  at <RouterView> 
  at <App> @ webpack-internal:///./node_modules/@vue/runtime-core/dist/runtime-core.esm-bundler.js:252
[ 1037429ms] [WARNING] [Vue warn]: Property "name" was accessed during render but is not defined on instance. 
  at <Gsrbr010101 onVnodeUnmounted=fn<onVnodeUnmounted> ref=Ref< Proxy(Object) > lang="en" > 
  at <RouterView> 
  at <App onVnodeUnmounted=fn<onVnodeUnmounted> ref=Ref< Proxy(Object) > lang="en" > 
  at <RouterView> 
  at <App> @ webpack-internal:///./node_modules/@vue/runtime-core/dist/runtime-core.esm-bundler.js:252
[ 1037429ms] [WARNING] [Vue warn]: Property "name" was accessed during render but is not defined on instance. 
  at <Gsrbr010101 onVnodeUnmounted=fn<onVnodeUnmounted> ref=Ref< Proxy(Object) > lang="en" > 
  at <RouterView> 
  at <App onVnodeUnmounted=fn<onVnodeUnmounted> ref=Ref< Proxy(Object) > lang="en" > 
  at <RouterView> 
  at <App> @ webpack-internal:///./node_modules/@vue/runtime-core/dist/runtime-core.esm-bundler.js:252
[ 1037429ms] [WARNING] [Vue warn]: Property "name" was accessed during render but is not defined on instance. 
  at <Gsrbr010101 onVnodeUnmounted=fn<onVnodeUnmounted> ref=Ref< Proxy(Object) > lang="en" > 
  at <RouterView> 
  at <App onVnodeUnmounted=fn<onVnodeUnmounted> ref=Ref< Proxy(Object) > lang="en" > 
  at <RouterView> 
  at <App> @ webpack-internal:///./node_modules/@vue/runtime-core/dist/runtime-core.esm-bundler.js:252
[ 1037429ms] [WARNING] [Vue warn]: Property "name" was accessed during render but is not defined on instance. 
  at <Gsrbr010101 onVnodeUnmounted=fn<onVnodeUnmounted> ref=Ref< Proxy(Object) > lang="en" > 
  at <RouterView> 
  at <App onVnodeUnmounted=fn<onVnodeUnmounted> ref=Ref< Proxy(Object) > lang="en" > 
  at <RouterView> 
  at <App> @ webpack-internal:///./node_modules/@vue/runtime-core/dist/runtime-core.esm-bundler.js:252
[ 1037629ms] [WARNING] [Vue warn]: Property "name" was accessed during render but is not defined on instance. 
  at <Gsrbr010101 onVnodeUnmounted=fn<onVnodeUnmounted> ref=Ref< Proxy(Object) > lang="en" > 
  at <RouterView> 
  at <App onVnodeUnmounted=fn<onVnodeUnmounted> ref=Ref< Proxy(Object) > lang="en" > 
  at <RouterView> 
  at <App> @ webpack-internal:///./node_modules/@vue/runtime-core/dist/runtime-core.esm-bundler.js:252
[ 1037630ms] [WARNING] [Vue warn]: Property "name" was accessed during render but is not defined on instance. 
  at <Gsrbr010101 onVnodeUnmounted=fn<onVnodeUnmounted> ref=Ref< Proxy(Object) > lang="en" > 
  at <RouterView> 
  at <App onVnodeUnmounted=fn<onVnodeUnmounted> ref=Ref< Proxy(Object) > lang="en" > 
  at <RouterView> 
  at <App> @ webpack-internal:///./node_modules/@vue/runtime-core/dist/runtime-core.esm-bundler.js:252
[ 1037631ms] [WARNING] [Vue warn]: Property "name" was accessed during render but is not defined on instance. 
  at <Gsrbr010101 onVnodeUnmounted=fn<onVnodeUnmounted> ref=Ref< Proxy(Object) > lang="en" > 
  at <RouterView> 
  at <App onVnodeUnmounted=fn<onVnodeUnmounted> ref=Ref< Proxy(Object) > lang="en" > 
  at <RouterView> 
  at <App> @ webpack-internal:///./node_modules/@vue/runtime-core/dist/runtime-core.esm-bundler.js:252
[ 1037631ms] [WARNING] [Vue warn]: Property "name" was accessed during render but is not defined on instance. 
  at <Gsrbr010101 onVnodeUnmounted=fn<onVnodeUnmounted> ref=Ref< Proxy(Object) > lang="en" > 
  at <RouterView> 
  at <App onVnodeUnmounted=fn<onVnodeUnmounted> ref=Ref< Proxy(Object) > lang="en" > 
  at <RouterView> 
  at <App> @ webpack-internal:///./node_modules/@vue/runtime-core/dist/runtime-core.esm-bundler.js:252
[ 1037632ms] [WARNING] [Vue warn]: Property "name" was accessed during render but is not defined on instance. 
  at <Gsrbr010101 onVnodeUnmounted=fn<onVnodeUnmounted> ref=Ref< Proxy(Object) > lang="en" > 
  at <RouterView> 
  at <App onVnodeUnmounted=fn<onVnodeUnmounted> ref=Ref< Proxy(Object) > lang="en" > 
  at <RouterView> 
  at <App> @ webpack-internal:///./node_modules/@vue/runtime-core/dist/runtime-core.esm-bundler.js:252
[ 1037632ms] [WARNING] [Vue warn]: Property "name" was accessed during render but is not defined on instance. 
  at <Gsrbr010101 onVnodeUnmounted=fn<onVnodeUnmounted> ref=Ref< Proxy(Object) > lang="en" > 
  at <RouterView> 
  at <App onVnodeUnmounted=fn<onVnodeUnmounted> ref=Ref< Proxy(Object) > lang="en" > 
  at <RouterView> 
  at <App> @ webpack-internal:///./node_modules/@vue/runtime-core/dist/runtime-core.esm-bundler.js:252
[ 1037633ms] [WARNING] [Vue warn]: Property "name" was accessed during render but is not defined on instance. 
  at <Gsrbr010101 onVnodeUnmounted=fn<onVnodeUnmounted> ref=Ref< Proxy(Object) > lang="en" > 
  at <RouterView> 
  at <App onVnodeUnmounted=fn<onVnodeUnmounted> ref=Ref< Proxy(Object) > lang="en" > 
  at <RouterView> 
  at <App> @ webpack-internal:///./node_modules/@vue/runtime-core/dist/runtime-core.esm-bundler.js:252
[ 1037634ms] [WARNING] [Vue warn]: Property "name" was accessed during render but is not defined on instance. 
  at <Gsrbr010101 onVnodeUnmounted=fn<onVnodeUnmounted> ref=Ref< Proxy(Object) > lang="en" > 
  at <RouterView> 
  at <App onVnodeUnmounted=fn<onVnodeUnmounted> ref=Ref< Proxy(Object) > lang="en" > 
  at <RouterView> 
  at <App> @ webpack-internal:///./node_modules/@vue/runtime-core/dist/runtime-core.esm-bundler.js:252
[ 1037634ms] [WARNING] [Vue warn]: Property "name" was accessed during render but is not defined on instance. 
  at <Gsrbr010101 onVnodeUnmounted=fn<onVnodeUnmounted> ref=Ref< Proxy(Object) > lang="en" > 
  at <RouterView> 
  at <App onVnodeUnmounted=fn<onVnodeUnmounted> ref=Ref< Proxy(Object) > lang="en" > 
  at <RouterView> 
  at <App> @ webpack-internal:///./node_modules/@vue/runtime-core/dist/runtime-core.esm-bundler.js:252
[ 1037635ms] [WARNING] [Vue warn]: Property "name" was accessed during render but is not defined on instance. 
  at <Gsrbr010101 onVnodeUnmounted=fn<onVnodeUnmounted> ref=Ref< Proxy(Object) > lang="en" > 
  at <RouterView> 
  at <App onVnodeUnmounted=fn<onVnodeUnmounted> ref=Ref< Proxy(Object) > lang="en" > 
  at <RouterView> 
  at <App> @ webpack-internal:///./node_modules/@vue/runtime-core/dist/runtime-core.esm-bundler.js:252
[ 1037635ms] [WARNING] [Vue warn]: Property "name" was accessed during render but is not defined on instance. 
  at <Gsrbr010101 onVnodeUnmounted=fn<onVnodeUnmounted> ref=Ref< Proxy(Object) > lang="en" > 
  at <RouterView> 
  at <App onVnodeUnmounted=fn<onVnodeUnmounted> ref=Ref< Proxy(Object) > lang="en" > 
  at <RouterView> 
  at <App> @ webpack-internal:///./node_modules/@vue/runtime-core/dist/runtime-core.esm-bundler.js:252
[ 1737294ms] [WARNING] [Vue warn]: Property "name" was accessed during render but is not defined on instance. 
  at <Gsrbr010101 onVnodeUnmounted=fn<onVnodeUnmounted> ref=Ref< Proxy(Object) > lang="en" > 
  at <RouterView> 
  at <App onVnodeUnmounted=fn<onVnodeUnmounted> ref=Ref< Proxy(Object) > lang="en" > 
  at <RouterView> 
  at <App> @ webpack-internal:///./node_modules/@vue/runtime-core/dist/runtime-core.esm-bundler.js:252
[ 1737295ms] [WARNING] [Vue warn]: Property "name" was accessed during render but is not defined on instance. 
  at <Gsrbr010101 onVnodeUnmounted=fn<onVnodeUnmounted> ref=Ref< Proxy(Object) > lang="en" > 
  at <RouterView> 
  at <App onVnodeUnmounted=fn<onVnodeUnmounted> ref=Ref< Proxy(Object) > lang="en" > 
  at <RouterView> 
  at <App> @ webpack-internal:///./node_modules/@vue/runtime-core/dist/runtime-core.esm-bundler.js:252
[ 1737296ms] [WARNING] [Vue warn]: Property "name" was accessed during render but is not defined on instance. 
  at <Gsrbr010101 onVnodeUnmounted=fn<onVnodeUnmounted> ref=Ref< Proxy(Object) > lang="en" > 
  at <RouterView> 
  at <App onVnodeUnmounted=fn<onVnodeUnmounted> ref=Ref< Proxy(Object) > lang="en" > 
  at <RouterView> 
  at <App> @ webpack-internal:///./node_modules/@vue/runtime-core/dist/runtime-core.esm-bundler.js:252
[ 1737296ms] [WARNING] [Vue warn]: Property "name" was accessed during render but is not defined on instance. 
  at <Gsrbr010101 onVnodeUnmounted=fn<onVnodeUnmounted> ref=Ref< Proxy(Object) > lang="en" > 
  at <RouterView> 
  at <App onVnodeUnmounted=fn<onVnodeUnmounted> ref=Ref< Proxy(Object) > lang="en" > 
  at <RouterView> 
  at <App> @ webpack-internal:///./node_modules/@vue/runtime-core/dist/runtime-core.esm-bundler.js:252
[ 1737297ms] [WARNING] [Vue warn]: Property "name" was accessed during render but is not defined on instance. 
  at <Gsrbr010101 onVnodeUnmounted=fn<onVnodeUnmounted> ref=Ref< Proxy(Object) > lang="en" > 
  at <RouterView> 
  at <App onVnodeUnmounted=fn<onVnodeUnmounted> ref=Ref< Proxy(Object) > lang="en" > 
  at <RouterView> 
  at <App> @ webpack-internal:///./node_modules/@vue/runtime-core/dist/runtime-core.esm-bundler.js:252
[ 1737297ms] [WARNING] [Vue warn]: Property "name" was accessed during render but is not defined on instance. 
  at <Gsrbr010101 onVnodeUnmounted=fn<onVnodeUnmounted> ref=Ref< Proxy(Object) > lang="en" > 
  at <RouterView> 
  at <App onVnodeUnmounted=fn<onVnodeUnmounted> ref=Ref< Proxy(Object) > lang="en" > 
  at <RouterView> 
  at <App> @ webpack-internal:///./node_modules/@vue/runtime-core/dist/runtime-core.esm-bundler.js:252
[ 1737297ms] [WARNING] [Vue warn]: Property "name" was accessed during render but is not defined on instance. 
  at <Gsrbr010101 onVnodeUnmounted=fn<onVnodeUnmounted> ref=Ref< Proxy(Object) > lang="en" > 
  at <RouterView> 
  at <App onVnodeUnmounted=fn<onVnodeUnmounted> ref=Ref< Proxy(Object) > lang="en" > 
  at <RouterView> 
  at <App> @ webpack-internal:///./node_modules/@vue/runtime-core/dist/runtime-core.esm-bundler.js:252
[ 1737298ms] [WARNING] [Vue warn]: Property "name" was accessed during render but is not defined on instance. 
  at <Gsrbr010101 onVnodeUnmounted=fn<onVnodeUnmounted> ref=Ref< Proxy(Object) > lang="en" > 
  at <RouterView> 
  at <App onVnodeUnmounted=fn<onVnodeUnmounted> ref=Ref< Proxy(Object) > lang="en" > 
  at <RouterView> 
  at <App> @ webpack-internal:///./node_modules/@vue/runtime-core/dist/runtime-core.esm-bundler.js:252
[ 1737299ms] [WARNING] [Vue warn]: Property "name" was accessed during render but is not defined on instance. 
  at <Gsrbr010101 onVnodeUnmounted=fn<onVnodeUnmounted> ref=Ref< Proxy(Object) > lang="en" > 
  at <RouterView> 
  at <App onVnodeUnmounted=fn<onVnodeUnmounted> ref=Ref< Proxy(Object) > lang="en" > 
  at <RouterView> 
  at <App> @ webpack-internal:///./node_modules/@vue/runtime-core/dist/runtime-core.esm-bundler.js:252
[ 1737299ms] [WARNING] [Vue warn]: Property "name" was accessed during render but is not defined on instance. 
  at <Gsrbr010101 onVnodeUnmounted=fn<onVnodeUnmounted> ref=Ref< Proxy(Object) > lang="en" > 
  at <RouterView> 
  at <App onVnodeUnmounted=fn<onVnodeUnmounted> ref=Ref< Proxy(Object) > lang="en" > 
  at <RouterView> 
  at <App> @ webpack-internal:///./node_modules/@vue/runtime-core/dist/runtime-core.esm-bundler.js:252
[ 1737299ms] [WARNING] [Vue warn]: Property "name" was accessed during render but is not defined on instance. 
  at <Gsrbr010101 onVnodeUnmounted=fn<onVnodeUnmounted> ref=Ref< Proxy(Object) > lang="en" > 
  at <RouterView> 
  at <App onVnodeUnmounted=fn<onVnodeUnmounted> ref=Ref< Proxy(Object) > lang="en" > 
  at <RouterView> 
  at <App> @ webpack-internal:///./node_modules/@vue/runtime-core/dist/runtime-core.esm-bundler.js:252
[ 1738229ms] [WARNING] [Vue warn]: Property "name" was accessed during render but is not defined on instance. 
  at <Gsrbr010101 onVnodeUnmounted=fn<onVnodeUnmounted> ref=Ref< Proxy(Object) > lang="ko" > 
  at <RouterView> 
  at <App onVnodeUnmounted=fn<onVnodeUnmounted> ref=Ref< Proxy(Object) > lang="ko" > 
  at <RouterView> 
  at <App> @ webpack-internal:///./node_modules/@vue/runtime-core/dist/runtime-core.esm-bundler.js:252
[ 1738230ms] [WARNING] [Vue warn]: Property "name" was accessed during render but is not defined on instance. 
  at <Gsrbr010101 onVnodeUnmounted=fn<onVnodeUnmounted> ref=Ref< Proxy(Object) > lang="ko" > 
  at <RouterView> 
  at <App onVnodeUnmounted=fn<onVnodeUnmounted> ref=Ref< Proxy(Object) > lang="ko" > 
  at <RouterView> 
  at <App> @ webpack-internal:///./node_modules/@vue/runtime-core/dist/runtime-core.esm-bundler.js:252
[ 1738230ms] [WARNING] [Vue warn]: Property "name" was accessed during render but is not defined on instance. 
  at <Gsrbr010101 onVnodeUnmounted=fn<onVnodeUnmounted> ref=Ref< Proxy(Object) > lang="ko" > 
  at <RouterView> 
  at <App onVnodeUnmounted=fn<onVnodeUnmounted> ref=Ref< Proxy(Object) > lang="ko" > 
  at <RouterView> 
  at <App> @ webpack-internal:///./node_modules/@vue/runtime-core/dist/runtime-core.esm-bundler.js:252
[ 1738231ms] [WARNING] [Vue warn]: Property "name" was accessed during render but is not defined on instance. 
  at <Gsrbr010101 onVnodeUnmounted=fn<onVnodeUnmounted> ref=Ref< Proxy(Object) > lang="ko" > 
  at <RouterView> 
  at <App onVnodeUnmounted=fn<onVnodeUnmounted> ref=Ref< Proxy(Object) > lang="ko" > 
  at <RouterView> 
  at <App> @ webpack-internal:///./node_modules/@vue/runtime-core/dist/runtime-core.esm-bundler.js:252
[ 1738231ms] [WARNING] [Vue warn]: Property "name" was accessed during render but is not defined on instance. 
  at <Gsrbr010101 onVnodeUnmounted=fn<onVnodeUnmounted> ref=Ref< Proxy(Object) > lang="ko" > 
  at <RouterView> 
  at <App onVnodeUnmounted=fn<onVnodeUnmounted> ref=Ref< Proxy(Object) > lang="ko" > 
  at <RouterView> 
  at <App> @ webpack-internal:///./node_modules/@vue/runtime-core/dist/runtime-core.esm-bundler.js:252
[ 1738232ms] [WARNING] [Vue warn]: Property "name" was accessed during render but is not defined on instance. 
  at <Gsrbr010101 onVnodeUnmounted=fn<onVnodeUnmounted> ref=Ref< Proxy(Object) > lang="ko" > 
  at <RouterView> 
  at <App onVnodeUnmounted=fn<onVnodeUnmounted> ref=Ref< Proxy(Object) > lang="ko" > 
  at <RouterView> 
  at <App> @ webpack-internal:///./node_modules/@vue/runtime-core/dist/runtime-core.esm-bundler.js:252
[ 1738232ms] [WARNING] [Vue warn]: Property "name" was accessed during render but is not defined on instance. 
  at <Gsrbr010101 onVnodeUnmounted=fn<onVnodeUnmounted> ref=Ref< Proxy(Object) > lang="ko" > 
  at <RouterView> 
  at <App onVnodeUnmounted=fn<onVnodeUnmounted> ref=Ref< Proxy(Object) > lang="ko" > 
  at <RouterView> 
  at <App> @ webpack-internal:///./node_modules/@vue/runtime-core/dist/runtime-core.esm-bundler.js:252
[ 1738233ms] [WARNING] [Vue warn]: Property "name" was accessed during render but is not defined on instance. 
  at <Gsrbr010101 onVnodeUnmounted=fn<onVnodeUnmounted> ref=Ref< Proxy(Object) > lang="ko" > 
  at <RouterView> 
  at <App onVnodeUnmounted=fn<onVnodeUnmounted> ref=Ref< Proxy(Object) > lang="ko" > 
  at <RouterView> 
  at <App> @ webpack-internal:///./node_modules/@vue/runtime-core/dist/runtime-core.esm-bundler.js:252
[ 1738233ms] [WARNING] [Vue warn]: Property "name" was accessed during render but is not defined on instance. 
  at <Gsrbr010101 onVnodeUnmounted=fn<onVnodeUnmounted> ref=Ref< Proxy(Object) > lang="ko" > 
  at <RouterView> 
  at <App onVnodeUnmounted=fn<onVnodeUnmounted> ref=Ref< Proxy(Object) > lang="ko" > 
  at <RouterView> 
  at <App> @ webpack-internal:///./node_modules/@vue/runtime-core/dist/runtime-core.esm-bundler.js:252
[ 1738233ms] [WARNING] [Vue warn]: Property "name" was accessed during render but is not defined on instance. 
  at <Gsrbr010101 onVnodeUnmounted=fn<onVnodeUnmounted> ref=Ref< Proxy(Object) > lang="ko" > 
  at <RouterView> 
  at <App onVnodeUnmounted=fn<onVnodeUnmounted> ref=Ref< Proxy(Object) > lang="ko" > 
  at <RouterView> 
  at <App> @ webpack-internal:///./node_modules/@vue/runtime-core/dist/runtime-core.esm-bundler.js:252
[ 1738234ms] [WARNING] [Vue warn]: Property "name" was accessed during render but is not defined on instance. 
  at <Gsrbr010101 onVnodeUnmounted=fn<onVnodeUnmounted> ref=Ref< Proxy(Object) > lang="ko" > 
  at <RouterView> 
  at <App onVnodeUnmounted=fn<onVnodeUnmounted> ref=Ref< Proxy(Object) > lang="ko" > 
  at <RouterView> 
  at <App> @ webpack-internal:///./node_modules/@vue/runtime-core/dist/runtime-core.esm-bundler.js:252
[ 1738718ms] [WARNING] [Vue warn]: Property "name" was accessed during render but is not defined on instance. 
  at <Gsrbr010101 onVnodeUnmounted=fn<onVnodeUnmounted> ref=Ref< Proxy(Object) > lang="ko" > 
  at <RouterView> 
  at <App onVnodeUnmounted=fn<onVnodeUnmounted> ref=Ref< Proxy(Object) > lang="ko" > 
  at <RouterView> 
  at <App> @ webpack-internal:///./node_modules/@vue/runtime-core/dist/runtime-core.esm-bundler.js:252
[ 1738718ms] [WARNING] [Vue warn]: Property "name" was accessed during render but is not defined on instance. 
  at <Gsrbr010101 onVnodeUnmounted=fn<onVnodeUnmounted> ref=Ref< Proxy(Object) > lang="ko" > 
  at <RouterView> 
  at <App onVnodeUnmounted=fn<onVnodeUnmounted> ref=Ref< Proxy(Object) > lang="ko" > 
  at <RouterView> 
  at <App> @ webpack-internal:///./node_modules/@vue/runtime-core/dist/runtime-core.esm-bundler.js:252
[ 1738719ms] [WARNING] [Vue warn]: Property "name" was accessed during render but is not defined on instance. 
  at <Gsrbr010101 onVnodeUnmounted=fn<onVnodeUnmounted> ref=Ref< Proxy(Object) > lang="ko" > 
  at <RouterView> 
  at <App onVnodeUnmounted=fn<onVnodeUnmounted> ref=Ref< Proxy(Object) > lang="ko" > 
  at <RouterView> 
  at <App> @ webpack-internal:///./node_modules/@vue/runtime-core/dist/runtime-core.esm-bundler.js:252
[ 1738720ms] [WARNING] [Vue warn]: Property "name" was accessed during render but is not defined on instance. 
  at <Gsrbr010101 onVnodeUnmounted=fn<onVnodeUnmounted> ref=Ref< Proxy(Object) > lang="ko" > 
  at <RouterView> 
  at <App onVnodeUnmounted=fn<onVnodeUnmounted> ref=Ref< Proxy(Object) > lang="ko" > 
  at <RouterView> 
  at <App> @ webpack-internal:///./node_modules/@vue/runtime-core/dist/runtime-core.esm-bundler.js:252
[ 1738720ms] [WARNING] [Vue warn]: Property "name" was accessed during render but is not defined on instance. 
  at <Gsrbr010101 onVnodeUnmounted=fn<onVnodeUnmounted> ref=Ref< Proxy(Object) > lang="ko" > 
  at <RouterView> 
  at <App onVnodeUnmounted=fn<onVnodeUnmounted> ref=Ref< Proxy(Object) > lang="ko" > 
  at <RouterView> 
  at <App> @ webpack-internal:///./node_modules/@vue/runtime-core/dist/runtime-core.esm-bundler.js:252
[ 1738721ms] [WARNING] [Vue warn]: Property "name" was accessed during render but is not defined on instance. 
  at <Gsrbr010101 onVnodeUnmounted=fn<onVnodeUnmounted> ref=Ref< Proxy(Object) > lang="ko" > 
  at <RouterView> 
  at <App onVnodeUnmounted=fn<onVnodeUnmounted> ref=Ref< Proxy(Object) > lang="ko" > 
  at <RouterView> 
  at <App> @ webpack-internal:///./node_modules/@vue/runtime-core/dist/runtime-core.esm-bundler.js:252
[ 1738721ms] [WARNING] [Vue warn]: Property "name" was accessed during render but is not defined on instance. 
  at <Gsrbr010101 onVnodeUnmounted=fn<onVnodeUnmounted> ref=Ref< Proxy(Object) > lang="ko" > 
  at <RouterView> 
  at <App onVnodeUnmounted=fn<onVnodeUnmounted> ref=Ref< Proxy(Object) > lang="ko" > 
  at <RouterView> 
  at <App> @ webpack-internal:///./node_modules/@vue/runtime-core/dist/runtime-core.esm-bundler.js:252
[ 1738722ms] [WARNING] [Vue warn]: Property "name" was accessed during render but is not defined on instance. 
  at <Gsrbr010101 onVnodeUnmounted=fn<onVnodeUnmounted> ref=Ref< Proxy(Object) > lang="ko" > 
  at <RouterView> 
  at <App onVnodeUnmounted=fn<onVnodeUnmounted> ref=Ref< Proxy(Object) > lang="ko" > 
  at <RouterView> 
  at <App> @ webpack-internal:///./node_modules/@vue/runtime-core/dist/runtime-core.esm-bundler.js:252
[ 1738722ms] [WARNING] [Vue warn]: Property "name" was accessed during render but is not defined on instance. 
  at <Gsrbr010101 onVnodeUnmounted=fn<onVnodeUnmounted> ref=Ref< Proxy(Object) > lang="ko" > 
  at <RouterView> 
  at <App onVnodeUnmounted=fn<onVnodeUnmounted> ref=Ref< Proxy(Object) > lang="ko" > 
  at <RouterView> 
  at <App> @ webpack-internal:///./node_modules/@vue/runtime-core/dist/runtime-core.esm-bundler.js:252
[ 1738723ms] [WARNING] [Vue warn]: Property "name" was accessed during render but is not defined on instance. 
  at <Gsrbr010101 onVnodeUnmounted=fn<onVnodeUnmounted> ref=Ref< Proxy(Object) > lang="ko" > 
  at <RouterView> 
  at <App onVnodeUnmounted=fn<onVnodeUnmounted> ref=Ref< Proxy(Object) > lang="ko" > 
  at <RouterView> 
  at <App> @ webpack-internal:///./node_modules/@vue/runtime-core/dist/runtime-core.esm-bundler.js:252
[ 1738723ms] [WARNING] [Vue warn]: Property "name" was accessed during render but is not defined on instance. 
  at <Gsrbr010101 onVnodeUnmounted=fn<onVnodeUnmounted> ref=Ref< Proxy(Object) > lang="ko" > 
  at <RouterView> 
  at <App onVnodeUnmounted=fn<onVnodeUnmounted> ref=Ref< Proxy(Object) > lang="ko" > 
  at <RouterView> 
  at <App> @ webpack-internal:///./node_modules/@vue/runtime-core/dist/runtime-core.esm-bundler.js:252
[ 1739083ms] [WARNING] [Vue warn]: Property "name" was accessed during render but is not defined on instance. 
  at <Gsrbr010101 onVnodeUnmounted=fn<onVnodeUnmounted> ref=Ref< Proxy(Object) > lang="ko" > 
  at <RouterView> 
  at <App onVnodeUnmounted=fn<onVnodeUnmounted> ref=Ref< Proxy(Object) > lang="ko" > 
  at <RouterView> 
  at <App> @ webpack-internal:///./node_modules/@vue/runtime-core/dist/runtime-core.esm-bundler.js:252
[ 1739083ms] [WARNING] [Vue warn]: Property "name" was accessed during render but is not defined on instance. 
  at <Gsrbr010101 onVnodeUnmounted=fn<onVnodeUnmounted> ref=Ref< Proxy(Object) > lang="ko" > 
  at <RouterView> 
  at <App onVnodeUnmounted=fn<onVnodeUnmounted> ref=Ref< Proxy(Object) > lang="ko" > 
  at <RouterView> 
  at <App> @ webpack-internal:///./node_modules/@vue/runtime-core/dist/runtime-core.esm-bundler.js:252
[ 1739084ms] [WARNING] [Vue warn]: Property "name" was accessed during render but is not defined on instance. 
  at <Gsrbr010101 onVnodeUnmounted=fn<onVnodeUnmounted> ref=Ref< Proxy(Object) > lang="ko" > 
  at <RouterView> 
  at <App onVnodeUnmounted=fn<onVnodeUnmounted> ref=Ref< Proxy(Object) > lang="ko" > 
  at <RouterView> 
  at <App> @ webpack-internal:///./node_modules/@vue/runtime-core/dist/runtime-core.esm-bundler.js:252
[ 1739084ms] [WARNING] [Vue warn]: Property "name" was accessed during render but is not defined on instance. 
  at <Gsrbr010101 onVnodeUnmounted=fn<onVnodeUnmounted> ref=Ref< Proxy(Object) > lang="ko" > 
  at <RouterView> 
  at <App onVnodeUnmounted=fn<onVnodeUnmounted> ref=Ref< Proxy(Object) > lang="ko" > 
  at <RouterView> 
  at <App> @ webpack-internal:///./node_modules/@vue/runtime-core/dist/runtime-core.esm-bundler.js:252
[ 1739084ms] [WARNING] [Vue warn]: Property "name" was accessed during render but is not defined on instance. 
  at <Gsrbr010101 onVnodeUnmounted=fn<onVnodeUnmounted> ref=Ref< Proxy(Object) > lang="ko" > 
  at <RouterView> 
  at <App onVnodeUnmounted=fn<onVnodeUnmounted> ref=Ref< Proxy(Object) > lang="ko" > 
  at <RouterView> 
  at <App> @ webpack-internal:///./node_modules/@vue/runtime-core/dist/runtime-core.esm-bundler.js:252
[ 1739084ms] [WARNING] [Vue warn]: Property "name" was accessed during render but is not defined on instance. 
  at <Gsrbr010101 onVnodeUnmounted=fn<onVnodeUnmounted> ref=Ref< Proxy(Object) > lang="ko" > 
  at <RouterView> 
  at <App onVnodeUnmounted=fn<onVnodeUnmounted> ref=Ref< Proxy(Object) > lang="ko" > 
  at <RouterView> 
  at <App> @ webpack-internal:///./node_modules/@vue/runtime-core/dist/runtime-core.esm-bundler.js:252
[ 1739085ms] [WARNING] [Vue warn]: Property "name" was accessed during render but is not defined on instance. 
  at <Gsrbr010101 onVnodeUnmounted=fn<onVnodeUnmounted> ref=Ref< Proxy(Object) > lang="ko" > 
  at <RouterView> 
  at <App onVnodeUnmounted=fn<onVnodeUnmounted> ref=Ref< Proxy(Object) > lang="ko" > 
  at <RouterView> 
  at <App> @ webpack-internal:///./node_modules/@vue/runtime-core/dist/runtime-core.esm-bundler.js:252
[ 1739085ms] [WARNING] [Vue warn]: Property "name" was accessed during render but is not defined on instance. 
  at <Gsrbr010101 onVnodeUnmounted=fn<onVnodeUnmounted> ref=Ref< Proxy(Object) > lang="ko" > 
  at <RouterView> 
  at <App onVnodeUnmounted=fn<onVnodeUnmounted> ref=Ref< Proxy(Object) > lang="ko" > 
  at <RouterView> 
  at <App> @ webpack-internal:///./node_modules/@vue/runtime-core/dist/runtime-core.esm-bundler.js:252
[ 1739085ms] [WARNING] [Vue warn]: Property "name" was accessed during render but is not defined on instance. 
  at <Gsrbr010101 onVnodeUnmounted=fn<onVnodeUnmounted> ref=Ref< Proxy(Object) > lang="ko" > 
  at <RouterView> 
  at <App onVnodeUnmounted=fn<onVnodeUnmounted> ref=Ref< Proxy(Object) > lang="ko" > 
  at <RouterView> 
  at <App> @ webpack-internal:///./node_modules/@vue/runtime-core/dist/runtime-core.esm-bundler.js:252
[ 1739085ms] [WARNING] [Vue warn]: Property "name" was accessed during render but is not defined on instance. 
  at <Gsrbr010101 onVnodeUnmounted=fn<onVnodeUnmounted> ref=Ref< Proxy(Object) > lang="ko" > 
  at <RouterView> 
  at <App onVnodeUnmounted=fn<onVnodeUnmounted> ref=Ref< Proxy(Object) > lang="ko" > 
  at <RouterView> 
  at <App> @ webpack-internal:///./node_modules/@vue/runtime-core/dist/runtime-core.esm-bundler.js:252
[ 1739086ms] [WARNING] [Vue warn]: Property "name" was accessed during render but is not defined on instance. 
  at <Gsrbr010101 onVnodeUnmounted=fn<onVnodeUnmounted> ref=Ref< Proxy(Object) > lang="ko" > 
  at <RouterView> 
  at <App onVnodeUnmounted=fn<onVnodeUnmounted> ref=Ref< Proxy(Object) > lang="ko" > 
  at <RouterView> 
  at <App> @ webpack-internal:///./node_modules/@vue/runtime-core/dist/runtime-core.esm-bundler.js:252
[ 1984333ms] [WARNING] [Vue warn]: Property "name" was accessed during render but is not defined on instance. 
  at <Gsrbr010101 onVnodeUnmounted=fn<onVnodeUnmounted> ref=Ref< Proxy(Object) > lang="ko" > 
  at <RouterView> 
  at <App onVnodeUnmounted=fn<onVnodeUnmounted> ref=Ref< Proxy(Object) > lang="ko" > 
  at <RouterView> 
  at <App> @ webpack-internal:///./node_modules/@vue/runtime-core/dist/runtime-core.esm-bundler.js:252
[ 1984334ms] [WARNING] [Vue warn]: Property "name" was accessed during render but is not defined on instance. 
  at <Gsrbr010101 onVnodeUnmounted=fn<onVnodeUnmounted> ref=Ref< Proxy(Object) > lang="ko" > 
  at <RouterView> 
  at <App onVnodeUnmounted=fn<onVnodeUnmounted> ref=Ref< Proxy(Object) > lang="ko" > 
  at <RouterView> 
  at <App> @ webpack-internal:///./node_modules/@vue/runtime-core/dist/runtime-core.esm-bundler.js:252
[ 1984335ms] [WARNING] [Vue warn]: Property "name" was accessed during render but is not defined on instance. 
  at <Gsrbr010101 onVnodeUnmounted=fn<onVnodeUnmounted> ref=Ref< Proxy(Object) > lang="ko" > 
  at <RouterView> 
  at <App onVnodeUnmounted=fn<onVnodeUnmounted> ref=Ref< Proxy(Object) > lang="ko" > 
  at <RouterView> 
  at <App> @ webpack-internal:///./node_modules/@vue/runtime-core/dist/runtime-core.esm-bundler.js:252
[ 1984335ms] [WARNING] [Vue warn]: Property "name" was accessed during render but is not defined on instance. 
  at <Gsrbr010101 onVnodeUnmounted=fn<onVnodeUnmounted> ref=Ref< Proxy(Object) > lang="ko" > 
  at <RouterView> 
  at <App onVnodeUnmounted=fn<onVnodeUnmounted> ref=Ref< Proxy(Object) > lang="ko" > 
  at <RouterView> 
  at <App> @ webpack-internal:///./node_modules/@vue/runtime-core/dist/runtime-core.esm-bundler.js:252
[ 1984335ms] [WARNING] [Vue warn]: Property "name" was accessed during render but is not defined on instance. 
  at <Gsrbr010101 onVnodeUnmounted=fn<onVnodeUnmounted> ref=Ref< Proxy(Object) > lang="ko" > 
  at <RouterView> 
  at <App onVnodeUnmounted=fn<onVnodeUnmounted> ref=Ref< Proxy(Object) > lang="ko" > 
  at <RouterView> 
  at <App> @ webpack-internal:///./node_modules/@vue/runtime-core/dist/runtime-core.esm-bundler.js:252
[ 1984336ms] [WARNING] [Vue warn]: Property "name" was accessed during render but is not defined on instance. 
  at <Gsrbr010101 onVnodeUnmounted=fn<onVnodeUnmounted> ref=Ref< Proxy(Object) > lang="ko" > 
  at <RouterView> 
  at <App onVnodeUnmounted=fn<onVnodeUnmounted> ref=Ref< Proxy(Object) > lang="ko" > 
  at <RouterView> 
  at <App> @ webpack-internal:///./node_modules/@vue/runtime-core/dist/runtime-core.esm-bundler.js:252
[ 1984336ms] [WARNING] [Vue warn]: Property "name" was accessed during render but is not defined on instance. 
  at <Gsrbr010101 onVnodeUnmounted=fn<onVnodeUnmounted> ref=Ref< Proxy(Object) > lang="ko" > 
  at <RouterView> 
  at <App onVnodeUnmounted=fn<onVnodeUnmounted> ref=Ref< Proxy(Object) > lang="ko" > 
  at <RouterView> 
  at <App> @ webpack-internal:///./node_modules/@vue/runtime-core/dist/runtime-core.esm-bundler.js:252
[ 1984337ms] [WARNING] [Vue warn]: Property "name" was accessed during render but is not defined on instance. 
  at <Gsrbr010101 onVnodeUnmounted=fn<onVnodeUnmounted> ref=Ref< Proxy(Object) > lang="ko" > 
  at <RouterView> 
  at <App onVnodeUnmounted=fn<onVnodeUnmounted> ref=Ref< Proxy(Object) > lang="ko" > 
  at <RouterView> 
  at <App> @ webpack-internal:///./node_modules/@vue/runtime-core/dist/runtime-core.esm-bundler.js:252
[ 1984338ms] [WARNING] [Vue warn]: Property "name" was accessed during render but is not defined on instance. 
  at <Gsrbr010101 onVnodeUnmounted=fn<onVnodeUnmounted> ref=Ref< Proxy(Object) > lang="ko" > 
  at <RouterView> 
  at <App onVnodeUnmounted=fn<onVnodeUnmounted> ref=Ref< Proxy(Object) > lang="ko" > 
  at <RouterView> 
  at <App> @ webpack-internal:///./node_modules/@vue/runtime-core/dist/runtime-core.esm-bundler.js:252
[ 1984338ms] [WARNING] [Vue warn]: Property "name" was accessed during render but is not defined on instance. 
  at <Gsrbr010101 onVnodeUnmounted=fn<onVnodeUnmounted> ref=Ref< Proxy(Object) > lang="ko" > 
  at <RouterView> 
  at <App onVnodeUnmounted=fn<onVnodeUnmounted> ref=Ref< Proxy(Object) > lang="ko" > 
  at <RouterView> 
  at <App> @ webpack-internal:///./node_modules/@vue/runtime-core/dist/runtime-core.esm-bundler.js:252
[ 1984339ms] [WARNING] [Vue warn]: Property "name" was accessed during render but is not defined on instance. 
  at <Gsrbr010101 onVnodeUnmounted=fn<onVnodeUnmounted> ref=Ref< Proxy(Object) > lang="ko" > 
  at <RouterView> 
  at <App onVnodeUnmounted=fn<onVnodeUnmounted> ref=Ref< Proxy(Object) > lang="ko" > 
  at <RouterView> 
  at <App> @ webpack-internal:///./node_modules/@vue/runtime-core/dist/runtime-core.esm-bundler.js:252
[ 2011120ms] [WARNING] [Vue warn]: Property "name" was accessed during render but is not defined on instance. 
  at <Gsrbr010101 onVnodeUnmounted=fn<onVnodeUnmounted> ref=Ref< Proxy(Object) > lang="ko" > 
  at <RouterView> 
  at <App onVnodeUnmounted=fn<onVnodeUnmounted> ref=Ref< Proxy(Object) > lang="ko" > 
  at <RouterView> 
  at <App> @ webpack-internal:///./node_modules/@vue/runtime-core/dist/runtime-core.esm-bundler.js:252
[ 2011122ms] [WARNING] [Vue warn]: Property "name" was accessed during render but is not defined on instance. 
  at <Gsrbr010101 onVnodeUnmounted=fn<onVnodeUnmounted> ref=Ref< Proxy(Object) > lang="ko" > 
  at <RouterView> 
  at <App onVnodeUnmounted=fn<onVnodeUnmounted> ref=Ref< Proxy(Object) > lang="ko" > 
  at <RouterView> 
  at <App> @ webpack-internal:///./node_modules/@vue/runtime-core/dist/runtime-core.esm-bundler.js:252
[ 2011123ms] [WARNING] [Vue warn]: Property "name" was accessed during render but is not defined on instance. 
  at <Gsrbr010101 onVnodeUnmounted=fn<onVnodeUnmounted> ref=Ref< Proxy(Object) > lang="ko" > 
  at <RouterView> 
  at <App onVnodeUnmounted=fn<onVnodeUnmounted> ref=Ref< Proxy(Object) > lang="ko" > 
  at <RouterView> 
  at <App> @ webpack-internal:///./node_modules/@vue/runtime-core/dist/runtime-core.esm-bundler.js:252
[ 2011123ms] [WARNING] [Vue warn]: Property "name" was accessed during render but is not defined on instance. 
  at <Gsrbr010101 onVnodeUnmounted=fn<onVnodeUnmounted> ref=Ref< Proxy(Object) > lang="ko" > 
  at <RouterView> 
  at <App onVnodeUnmounted=fn<onVnodeUnmounted> ref=Ref< Proxy(Object) > lang="ko" > 
  at <RouterView> 
  at <App> @ webpack-internal:///./node_modules/@vue/runtime-core/dist/runtime-core.esm-bundler.js:252
[ 2011124ms] [WARNING] [Vue warn]: Property "name" was accessed during render but is not defined on instance. 
  at <Gsrbr010101 onVnodeUnmounted=fn<onVnodeUnmounted> ref=Ref< Proxy(Object) > lang="ko" > 
  at <RouterView> 
  at <App onVnodeUnmounted=fn<onVnodeUnmounted> ref=Ref< Proxy(Object) > lang="ko" > 
  at <RouterView> 
  at <App> @ webpack-internal:///./node_modules/@vue/runtime-core/dist/runtime-core.esm-bundler.js:252
[ 2011125ms] [WARNING] [Vue warn]: Property "name" was accessed during render but is not defined on instance. 
  at <Gsrbr010101 onVnodeUnmounted=fn<onVnodeUnmounted> ref=Ref< Proxy(Object) > lang="ko" > 
  at <RouterView> 
  at <App onVnodeUnmounted=fn<onVnodeUnmounted> ref=Ref< Proxy(Object) > lang="ko" > 
  at <RouterView> 
  at <App> @ webpack-internal:///./node_modules/@vue/runtime-core/dist/runtime-core.esm-bundler.js:252
[ 2011126ms] [WARNING] [Vue warn]: Property "name" was accessed during render but is not defined on instance. 
  at <Gsrbr010101 onVnodeUnmounted=fn<onVnodeUnmounted> ref=Ref< Proxy(Object) > lang="ko" > 
  at <RouterView> 
  at <App onVnodeUnmounted=fn<onVnodeUnmounted> ref=Ref< Proxy(Object) > lang="ko" > 
  at <RouterView> 
  at <App> @ webpack-internal:///./node_modules/@vue/runtime-core/dist/runtime-core.esm-bundler.js:252
[ 2011126ms] [WARNING] [Vue warn]: Property "name" was accessed during render but is not defined on instance. 
  at <Gsrbr010101 onVnodeUnmounted=fn<onVnodeUnmounted> ref=Ref< Proxy(Object) > lang="ko" > 
  at <RouterView> 
  at <App onVnodeUnmounted=fn<onVnodeUnmounted> ref=Ref< Proxy(Object) > lang="ko" > 
  at <RouterView> 
  at <App> @ webpack-internal:///./node_modules/@vue/runtime-core/dist/runtime-core.esm-bundler.js:252
[ 2011127ms] [WARNING] [Vue warn]: Property "name" was accessed during render but is not defined on instance. 
  at <Gsrbr010101 onVnodeUnmounted=fn<onVnodeUnmounted> ref=Ref< Proxy(Object) > lang="ko" > 
  at <RouterView> 
  at <App onVnodeUnmounted=fn<onVnodeUnmounted> ref=Ref< Proxy(Object) > lang="ko" > 
  at <RouterView> 
  at <App> @ webpack-internal:///./node_modules/@vue/runtime-core/dist/runtime-core.esm-bundler.js:252
[ 2011128ms] [WARNING] [Vue warn]: Property "name" was accessed during render but is not defined on instance. 
  at <Gsrbr010101 onVnodeUnmounted=fn<onVnodeUnmounted> ref=Ref< Proxy(Object) > lang="ko" > 
  at <RouterView> 
  at <App onVnodeUnmounted=fn<onVnodeUnmounted> ref=Ref< Proxy(Object) > lang="ko" > 
  at <RouterView> 
  at <App> @ webpack-internal:///./node_modules/@vue/runtime-core/dist/runtime-core.esm-bundler.js:252
[ 2011129ms] [WARNING] [Vue warn]: Property "name" was accessed during render but is not defined on instance. 
  at <Gsrbr010101 onVnodeUnmounted=fn<onVnodeUnmounted> ref=Ref< Proxy(Object) > lang="ko" > 
  at <RouterView> 
  at <App onVnodeUnmounted=fn<onVnodeUnmounted> ref=Ref< Proxy(Object) > lang="ko" > 
  at <RouterView> 
  at <App> @ webpack-internal:///./node_modules/@vue/runtime-core/dist/runtime-core.esm-bundler.js:252
[ 2011486ms] [WARNING] [Vue warn]: Property "name" was accessed during render but is not defined on instance. 
  at <Gsrbr010101 onVnodeUnmounted=fn<onVnodeUnmounted> ref=Ref< Proxy(Object) > lang="ko" > 
  at <RouterView> 
  at <App onVnodeUnmounted=fn<onVnodeUnmounted> ref=Ref< Proxy(Object) > lang="ko" > 
  at <RouterView> 
  at <App> @ webpack-internal:///./node_modules/@vue/runtime-core/dist/runtime-core.esm-bundler.js:252
[ 2011486ms] [WARNING] [Vue warn]: Property "name" was accessed during render but is not defined on instance. 
  at <Gsrbr010101 onVnodeUnmounted=fn<onVnodeUnmounted> ref=Ref< Proxy(Object) > lang="ko" > 
  at <RouterView> 
  at <App onVnodeUnmounted=fn<onVnodeUnmounted> ref=Ref< Proxy(Object) > lang="ko" > 
  at <RouterView> 
  at <App> @ webpack-internal:///./node_modules/@vue/runtime-core/dist/runtime-core.esm-bundler.js:252
[ 2011486ms] [WARNING] [Vue warn]: Property "name" was accessed during render but is not defined on instance. 
  at <Gsrbr010101 onVnodeUnmounted=fn<onVnodeUnmounted> ref=Ref< Proxy(Object) > lang="ko" > 
  at <RouterView> 
  at <App onVnodeUnmounted=fn<onVnodeUnmounted> ref=Ref< Proxy(Object) > lang="ko" > 
  at <RouterView> 
  at <App> @ webpack-internal:///./node_modules/@vue/runtime-core/dist/runtime-core.esm-bundler.js:252
[ 2011487ms] [WARNING] [Vue warn]: Property "name" was accessed during render but is not defined on instance. 
  at <Gsrbr010101 onVnodeUnmounted=fn<onVnodeUnmounted> ref=Ref< Proxy(Object) > lang="ko" > 
  at <RouterView> 
  at <App onVnodeUnmounted=fn<onVnodeUnmounted> ref=Ref< Proxy(Object) > lang="ko" > 
  at <RouterView> 
  at <App> @ webpack-internal:///./node_modules/@vue/runtime-core/dist/runtime-core.esm-bundler.js:252
[ 2011487ms] [WARNING] [Vue warn]: Property "name" was accessed during render but is not defined on instance. 
  at <Gsrbr010101 onVnodeUnmounted=fn<onVnodeUnmounted> ref=Ref< Proxy(Object) > lang="ko" > 
  at <RouterView> 
  at <App onVnodeUnmounted=fn<onVnodeUnmounted> ref=Ref< Proxy(Object) > lang="ko" > 
  at <RouterView> 
  at <App> @ webpack-internal:///./node_modules/@vue/runtime-core/dist/runtime-core.esm-bundler.js:252
[ 2011488ms] [WARNING] [Vue warn]: Property "name" was accessed during render but is not defined on instance. 
  at <Gsrbr010101 onVnodeUnmounted=fn<onVnodeUnmounted> ref=Ref< Proxy(Object) > lang="ko" > 
  at <RouterView> 
  at <App onVnodeUnmounted=fn<onVnodeUnmounted> ref=Ref< Proxy(Object) > lang="ko" > 
  at <RouterView> 
  at <App> @ webpack-internal:///./node_modules/@vue/runtime-core/dist/runtime-core.esm-bundler.js:252
[ 2011488ms] [WARNING] [Vue warn]: Property "name" was accessed during render but is not defined on instance. 
  at <Gsrbr010101 onVnodeUnmounted=fn<onVnodeUnmounted> ref=Ref< Proxy(Object) > lang="ko" > 
  at <RouterView> 
  at <App onVnodeUnmounted=fn<onVnodeUnmounted> ref=Ref< Proxy(Object) > lang="ko" > 
  at <RouterView> 
  at <App> @ webpack-internal:///./node_modules/@vue/runtime-core/dist/runtime-core.esm-bundler.js:252
[ 2011489ms] [WARNING] [Vue warn]: Property "name" was accessed during render but is not defined on instance. 
  at <Gsrbr010101 onVnodeUnmounted=fn<onVnodeUnmounted> ref=Ref< Proxy(Object) > lang="ko" > 
  at <RouterView> 
  at <App onVnodeUnmounted=fn<onVnodeUnmounted> ref=Ref< Proxy(Object) > lang="ko" > 
  at <RouterView> 
  at <App> @ webpack-internal:///./node_modules/@vue/runtime-core/dist/runtime-core.esm-bundler.js:252
[ 2011489ms] [WARNING] [Vue warn]: Property "name" was accessed during render but is not defined on instance. 
  at <Gsrbr010101 onVnodeUnmounted=fn<onVnodeUnmounted> ref=Ref< Proxy(Object) > lang="ko" > 
  at <RouterView> 
  at <App onVnodeUnmounted=fn<onVnodeUnmounted> ref=Ref< Proxy(Object) > lang="ko" > 
  at <RouterView> 
  at <App> @ webpack-internal:///./node_modules/@vue/runtime-core/dist/runtime-core.esm-bundler.js:252
[ 2011489ms] [WARNING] [Vue warn]: Property "name" was accessed during render but is not defined on instance. 
  at <Gsrbr010101 onVnodeUnmounted=fn<onVnodeUnmounted> ref=Ref< Proxy(Object) > lang="ko" > 
  at <RouterView> 
  at <App onVnodeUnmounted=fn<onVnodeUnmounted> ref=Ref< Proxy(Object) > lang="ko" > 
  at <RouterView> 
  at <App> @ webpack-internal:///./node_modules/@vue/runtime-core/dist/runtime-core.esm-bundler.js:252
[ 2011490ms] [WARNING] [Vue warn]: Property "name" was accessed during render but is not defined on instance. 
  at <Gsrbr010101 onVnodeUnmounted=fn<onVnodeUnmounted> ref=Ref< Proxy(Object) > lang="ko" > 
  at <RouterView> 
  at <App onVnodeUnmounted=fn<onVnodeUnmounted> ref=Ref< Proxy(Object) > lang="ko" > 
  at <RouterView> 
  at <App> @ webpack-internal:///./node_modules/@vue/runtime-core/dist/runtime-core.esm-bundler.js:252
[ 2428312ms] [WARNING] [Vue warn]: Property "name" was accessed during render but is not defined on instance. 
  at <Gsrbr010101 onVnodeUnmounted=fn<onVnodeUnmounted> ref=Ref< Proxy(Object) > lang="ko" > 
  at <RouterView> 
  at <App onVnodeUnmounted=fn<onVnodeUnmounted> ref=Ref< Proxy(Object) > lang="ko" > 
  at <RouterView> 
  at <App> @ webpack-internal:///./node_modules/@vue/runtime-core/dist/runtime-core.esm-bundler.js:252
[ 2428313ms] [WARNING] [Vue warn]: Property "name" was accessed during render but is not defined on instance. 
  at <Gsrbr010101 onVnodeUnmounted=fn<onVnodeUnmounted> ref=Ref< Proxy(Object) > lang="ko" > 
  at <RouterView> 
  at <App onVnodeUnmounted=fn<onVnodeUnmounted> ref=Ref< Proxy(Object) > lang="ko" > 
  at <RouterView> 
  at <App> @ webpack-internal:///./node_modules/@vue/runtime-core/dist/runtime-core.esm-bundler.js:252
[ 2428314ms] [WARNING] [Vue warn]: Property "name" was accessed during render but is not defined on instance. 
  at <Gsrbr010101 onVnodeUnmounted=fn<onVnodeUnmounted> ref=Ref< Proxy(Object) > lang="ko" > 
  at <RouterView> 
  at <App onVnodeUnmounted=fn<onVnodeUnmounted> ref=Ref< Proxy(Object) > lang="ko" > 
  at <RouterView> 
  at <App> @ webpack-internal:///./node_modules/@vue/runtime-core/dist/runtime-core.esm-bundler.js:252
[ 2428314ms] [WARNING] [Vue warn]: Property "name" was accessed during render but is not defined on instance. 
  at <Gsrbr010101 onVnodeUnmounted=fn<onVnodeUnmounted> ref=Ref< Proxy(Object) > lang="ko" > 
  at <RouterView> 
  at <App onVnodeUnmounted=fn<onVnodeUnmounted> ref=Ref< Proxy(Object) > lang="ko" > 
  at <RouterView> 
  at <App> @ webpack-internal:///./node_modules/@vue/runtime-core/dist/runtime-core.esm-bundler.js:252
[ 2428314ms] [WARNING] [Vue warn]: Property "name" was accessed during render but is not defined on instance. 
  at <Gsrbr010101 onVnodeUnmounted=fn<onVnodeUnmounted> ref=Ref< Proxy(Object) > lang="ko" > 
  at <RouterView> 
  at <App onVnodeUnmounted=fn<onVnodeUnmounted> ref=Ref< Proxy(Object) > lang="ko" > 
  at <RouterView> 
  at <App> @ webpack-internal:///./node_modules/@vue/runtime-core/dist/runtime-core.esm-bundler.js:252
[ 2428315ms] [WARNING] [Vue warn]: Property "name" was accessed during render but is not defined on instance. 
  at <Gsrbr010101 onVnodeUnmounted=fn<onVnodeUnmounted> ref=Ref< Proxy(Object) > lang="ko" > 
  at <RouterView> 
  at <App onVnodeUnmounted=fn<onVnodeUnmounted> ref=Ref< Proxy(Object) > lang="ko" > 
  at <RouterView> 
  at <App> @ webpack-internal:///./node_modules/@vue/runtime-core/dist/runtime-core.esm-bundler.js:252
[ 2428315ms] [WARNING] [Vue warn]: Property "name" was accessed during render but is not defined on instance. 
  at <Gsrbr010101 onVnodeUnmounted=fn<onVnodeUnmounted> ref=Ref< Proxy(Object) > lang="ko" > 
  at <RouterView> 
  at <App onVnodeUnmounted=fn<onVnodeUnmounted> ref=Ref< Proxy(Object) > lang="ko" > 
  at <RouterView> 
  at <App> @ webpack-internal:///./node_modules/@vue/runtime-core/dist/runtime-core.esm-bundler.js:252
[ 2428315ms] [WARNING] [Vue warn]: Property "name" was accessed during render but is not defined on instance. 
  at <Gsrbr010101 onVnodeUnmounted=fn<onVnodeUnmounted> ref=Ref< Proxy(Object) > lang="ko" > 
  at <RouterView> 
  at <App onVnodeUnmounted=fn<onVnodeUnmounted> ref=Ref< Proxy(Object) > lang="ko" > 
  at <RouterView> 
  at <App> @ webpack-internal:///./node_modules/@vue/runtime-core/dist/runtime-core.esm-bundler.js:252
[ 2428316ms] [WARNING] [Vue warn]: Property "name" was accessed during render but is not defined on instance. 
  at <Gsrbr010101 onVnodeUnmounted=fn<onVnodeUnmounted> ref=Ref< Proxy(Object) > lang="ko" > 
  at <RouterView> 
  at <App onVnodeUnmounted=fn<onVnodeUnmounted> ref=Ref< Proxy(Object) > lang="ko" > 
  at <RouterView> 
  at <App> @ webpack-internal:///./node_modules/@vue/runtime-core/dist/runtime-core.esm-bundler.js:252
[ 2428316ms] [WARNING] [Vue warn]: Property "name" was accessed during render but is not defined on instance. 
  at <Gsrbr010101 onVnodeUnmounted=fn<onVnodeUnmounted> ref=Ref< Proxy(Object) > lang="ko" > 
  at <RouterView> 
  at <App onVnodeUnmounted=fn<onVnodeUnmounted> ref=Ref< Proxy(Object) > lang="ko" > 
  at <RouterView> 
  at <App> @ webpack-internal:///./node_modules/@vue/runtime-core/dist/runtime-core.esm-bundler.js:252
[ 2428317ms] [WARNING] [Vue warn]: Property "name" was accessed during render but is not defined on instance. 
  at <Gsrbr010101 onVnodeUnmounted=fn<onVnodeUnmounted> ref=Ref< Proxy(Object) > lang="ko" > 
  at <RouterView> 
  at <App onVnodeUnmounted=fn<onVnodeUnmounted> ref=Ref< Proxy(Object) > lang="ko" > 
  at <RouterView> 
  at <App> @ webpack-internal:///./node_modules/@vue/runtime-core/dist/runtime-core.esm-bundler.js:252
[ 2429146ms] [WARNING] [Vue warn]: Property "name" was accessed during render but is not defined on instance. 
  at <Gsrbr010101 onVnodeUnmounted=fn<onVnodeUnmounted> ref=Ref< Proxy(Object) > lang="en" > 
  at <RouterView> 
  at <App onVnodeUnmounted=fn<onVnodeUnmounted> ref=Ref< Proxy(Object) > lang="en" > 
  at <RouterView> 
  at <App> @ webpack-internal:///./node_modules/@vue/runtime-core/dist/runtime-core.esm-bundler.js:252
[ 2429146ms] [WARNING] [Vue warn]: Property "name" was accessed during render but is not defined on instance. 
  at <Gsrbr010101 onVnodeUnmounted=fn<onVnodeUnmounted> ref=Ref< Proxy(Object) > lang="en" > 
  at <RouterView> 
  at <App onVnodeUnmounted=fn<onVnodeUnmounted> ref=Ref< Proxy(Object) > lang="en" > 
  at <RouterView> 
  at <App> @ webpack-internal:///./node_modules/@vue/runtime-core/dist/runtime-core.esm-bundler.js:252
[ 2429146ms] [WARNING] [Vue warn]: Property "name" was accessed during render but is not defined on instance. 
  at <Gsrbr010101 onVnodeUnmounted=fn<onVnodeUnmounted> ref=Ref< Proxy(Object) > lang="en" > 
  at <RouterView> 
  at <App onVnodeUnmounted=fn<onVnodeUnmounted> ref=Ref< Proxy(Object) > lang="en" > 
  at <RouterView> 
  at <App> @ webpack-internal:///./node_modules/@vue/runtime-core/dist/runtime-core.esm-bundler.js:252
[ 2429147ms] [WARNING] [Vue warn]: Property "name" was accessed during render but is not defined on instance. 
  at <Gsrbr010101 onVnodeUnmounted=fn<onVnodeUnmounted> ref=Ref< Proxy(Object) > lang="en" > 
  at <RouterView> 
  at <App onVnodeUnmounted=fn<onVnodeUnmounted> ref=Ref< Proxy(Object) > lang="en" > 
  at <RouterView> 
  at <App> @ webpack-internal:///./node_modules/@vue/runtime-core/dist/runtime-core.esm-bundler.js:252
[ 2429147ms] [WARNING] [Vue warn]: Property "name" was accessed during render but is not defined on instance. 
  at <Gsrbr010101 onVnodeUnmounted=fn<onVnodeUnmounted> ref=Ref< Proxy(Object) > lang="en" > 
  at <RouterView> 
  at <App onVnodeUnmounted=fn<onVnodeUnmounted> ref=Ref< Proxy(Object) > lang="en" > 
  at <RouterView> 
  at <App> @ webpack-internal:///./node_modules/@vue/runtime-core/dist/runtime-core.esm-bundler.js:252
[ 2429148ms] [WARNING] [Vue warn]: Property "name" was accessed during render but is not defined on instance. 
  at <Gsrbr010101 onVnodeUnmounted=fn<onVnodeUnmounted> ref=Ref< Proxy(Object) > lang="en" > 
  at <RouterView> 
  at <App onVnodeUnmounted=fn<onVnodeUnmounted> ref=Ref< Proxy(Object) > lang="en" > 
  at <RouterView> 
  at <App> @ webpack-internal:///./node_modules/@vue/runtime-core/dist/runtime-core.esm-bundler.js:252
[ 2429148ms] [WARNING] [Vue warn]: Property "name" was accessed during render but is not defined on instance. 
  at <Gsrbr010101 onVnodeUnmounted=fn<onVnodeUnmounted> ref=Ref< Proxy(Object) > lang="en" > 
  at <RouterView> 
  at <App onVnodeUnmounted=fn<onVnodeUnmounted> ref=Ref< Proxy(Object) > lang="en" > 
  at <RouterView> 
  at <App> @ webpack-internal:///./node_modules/@vue/runtime-core/dist/runtime-core.esm-bundler.js:252
[ 2429148ms] [WARNING] [Vue warn]: Property "name" was accessed during render but is not defined on instance. 
  at <Gsrbr010101 onVnodeUnmounted=fn<onVnodeUnmounted> ref=Ref< Proxy(Object) > lang="en" > 
  at <RouterView> 
  at <App onVnodeUnmounted=fn<onVnodeUnmounted> ref=Ref< Proxy(Object) > lang="en" > 
  at <RouterView> 
  at <App> @ webpack-internal:///./node_modules/@vue/runtime-core/dist/runtime-core.esm-bundler.js:252
[ 2429149ms] [WARNING] [Vue warn]: Property "name" was accessed during render but is not defined on instance. 
  at <Gsrbr010101 onVnodeUnmounted=fn<onVnodeUnmounted> ref=Ref< Proxy(Object) > lang="en" > 
  at <RouterView> 
  at <App onVnodeUnmounted=fn<onVnodeUnmounted> ref=Ref< Proxy(Object) > lang="en" > 
  at <RouterView> 
  at <App> @ webpack-internal:///./node_modules/@vue/runtime-core/dist/runtime-core.esm-bundler.js:252
[ 2429149ms] [WARNING] [Vue warn]: Property "name" was accessed during render but is not defined on instance. 
  at <Gsrbr010101 onVnodeUnmounted=fn<onVnodeUnmounted> ref=Ref< Proxy(Object) > lang="en" > 
  at <RouterView> 
  at <App onVnodeUnmounted=fn<onVnodeUnmounted> ref=Ref< Proxy(Object) > lang="en" > 
  at <RouterView> 
  at <App> @ webpack-internal:///./node_modules/@vue/runtime-core/dist/runtime-core.esm-bundler.js:252
[ 2429150ms] [WARNING] [Vue warn]: Property "name" was accessed during render but is not defined on instance. 
  at <Gsrbr010101 onVnodeUnmounted=fn<onVnodeUnmounted> ref=Ref< Proxy(Object) > lang="en" > 
  at <RouterView> 
  at <App onVnodeUnmounted=fn<onVnodeUnmounted> ref=Ref< Proxy(Object) > lang="en" > 
  at <RouterView> 
  at <App> @ webpack-internal:///./node_modules/@vue/runtime-core/dist/runtime-core.esm-bundler.js:252
[ 2431439ms] [WARNING] [Vue warn]: Property "name" was accessed during render but is not defined on instance. 
  at <Gsrbr010101 onVnodeUnmounted=fn<onVnodeUnmounted> ref=Ref< Proxy(Object) > lang="en" > 
  at <RouterView> 
  at <App onVnodeUnmounted=fn<onVnodeUnmounted> ref=Ref< Proxy(Object) > lang="en" > 
  at <RouterView> 
  at <App> @ webpack-internal:///./node_modules/@vue/runtime-core/dist/runtime-core.esm-bundler.js:252
[ 2431440ms] [WARNING] [Vue warn]: Property "name" was accessed during render but is not defined on instance. 
  at <Gsrbr010101 onVnodeUnmounted=fn<onVnodeUnmounted> ref=Ref< Proxy(Object) > lang="en" > 
  at <RouterView> 
  at <App onVnodeUnmounted=fn<onVnodeUnmounted> ref=Ref< Proxy(Object) > lang="en" > 
  at <RouterView> 
  at <App> @ webpack-internal:///./node_modules/@vue/runtime-core/dist/runtime-core.esm-bundler.js:252
[ 2431440ms] [WARNING] [Vue warn]: Property "name" was accessed during render but is not defined on instance. 
  at <Gsrbr010101 onVnodeUnmounted=fn<onVnodeUnmounted> ref=Ref< Proxy(Object) > lang="en" > 
  at <RouterView> 
  at <App onVnodeUnmounted=fn<onVnodeUnmounted> ref=Ref< Proxy(Object) > lang="en" > 
  at <RouterView> 
  at <App> @ webpack-internal:///./node_modules/@vue/runtime-core/dist/runtime-core.esm-bundler.js:252
[ 2431440ms] [WARNING] [Vue warn]: Property "name" was accessed during render but is not defined on instance. 
  at <Gsrbr010101 onVnodeUnmounted=fn<onVnodeUnmounted> ref=Ref< Proxy(Object) > lang="en" > 
  at <RouterView> 
  at <App onVnodeUnmounted=fn<onVnodeUnmounted> ref=Ref< Proxy(Object) > lang="en" > 
  at <RouterView> 
  at <App> @ webpack-internal:///./node_modules/@vue/runtime-core/dist/runtime-core.esm-bundler.js:252
[ 2431441ms] [WARNING] [Vue warn]: Property "name" was accessed during render but is not defined on instance. 
  at <Gsrbr010101 onVnodeUnmounted=fn<onVnodeUnmounted> ref=Ref< Proxy(Object) > lang="en" > 
  at <RouterView> 
  at <App onVnodeUnmounted=fn<onVnodeUnmounted> ref=Ref< Proxy(Object) > lang="en" > 
  at <RouterView> 
  at <App> @ webpack-internal:///./node_modules/@vue/runtime-core/dist/runtime-core.esm-bundler.js:252
[ 2431441ms] [WARNING] [Vue warn]: Property "name" was accessed during render but is not defined on instance. 
  at <Gsrbr010101 onVnodeUnmounted=fn<onVnodeUnmounted> ref=Ref< Proxy(Object) > lang="en" > 
  at <RouterView> 
  at <App onVnodeUnmounted=fn<onVnodeUnmounted> ref=Ref< Proxy(Object) > lang="en" > 
  at <RouterView> 
  at <App> @ webpack-internal:///./node_modules/@vue/runtime-core/dist/runtime-core.esm-bundler.js:252
[ 2431441ms] [WARNING] [Vue warn]: Property "name" was accessed during render but is not defined on instance. 
  at <Gsrbr010101 onVnodeUnmounted=fn<onVnodeUnmounted> ref=Ref< Proxy(Object) > lang="en" > 
  at <RouterView> 
  at <App onVnodeUnmounted=fn<onVnodeUnmounted> ref=Ref< Proxy(Object) > lang="en" > 
  at <RouterView> 
  at <App> @ webpack-internal:///./node_modules/@vue/runtime-core/dist/runtime-core.esm-bundler.js:252
[ 2431441ms] [WARNING] [Vue warn]: Property "name" was accessed during render but is not defined on instance. 
  at <Gsrbr010101 onVnodeUnmounted=fn<onVnodeUnmounted> ref=Ref< Proxy(Object) > lang="en" > 
  at <RouterView> 
  at <App onVnodeUnmounted=fn<onVnodeUnmounted> ref=Ref< Proxy(Object) > lang="en" > 
  at <RouterView> 
  at <App> @ webpack-internal:///./node_modules/@vue/runtime-core/dist/runtime-core.esm-bundler.js:252
[ 2431442ms] [WARNING] [Vue warn]: Property "name" was accessed during render but is not defined on instance. 
  at <Gsrbr010101 onVnodeUnmounted=fn<onVnodeUnmounted> ref=Ref< Proxy(Object) > lang="en" > 
  at <RouterView> 
  at <App onVnodeUnmounted=fn<onVnodeUnmounted> ref=Ref< Proxy(Object) > lang="en" > 
  at <RouterView> 
  at <App> @ webpack-internal:///./node_modules/@vue/runtime-core/dist/runtime-core.esm-bundler.js:252
[ 2431442ms] [WARNING] [Vue warn]: Property "name" was accessed during render but is not defined on instance. 
  at <Gsrbr010101 onVnodeUnmounted=fn<onVnodeUnmounted> ref=Ref< Proxy(Object) > lang="en" > 
  at <RouterView> 
  at <App onVnodeUnmounted=fn<onVnodeUnmounted> ref=Ref< Proxy(Object) > lang="en" > 
  at <RouterView> 
  at <App> @ webpack-internal:///./node_modules/@vue/runtime-core/dist/runtime-core.esm-bundler.js:252
[ 2431443ms] [WARNING] [Vue warn]: Property "name" was accessed during render but is not defined on instance. 
  at <Gsrbr010101 onVnodeUnmounted=fn<onVnodeUnmounted> ref=Ref< Proxy(Object) > lang="en" > 
  at <RouterView> 
  at <App onVnodeUnmounted=fn<onVnodeUnmounted> ref=Ref< Proxy(Object) > lang="en" > 
  at <RouterView> 
  at <App> @ webpack-internal:///./node_modules/@vue/runtime-core/dist/runtime-core.esm-bundler.js:252
[ 2432074ms] [WARNING] [Vue warn]: Property "name" was accessed during render but is not defined on instance. 
  at <Gsrbr010101 onVnodeUnmounted=fn<onVnodeUnmounted> ref=Ref< Proxy(Object) > lang="en" > 
  at <RouterView> 
  at <App onVnodeUnmounted=fn<onVnodeUnmounted> ref=Ref< Proxy(Object) > lang="en" > 
  at <RouterView> 
  at <App> @ webpack-internal:///./node_modules/@vue/runtime-core/dist/runtime-core.esm-bundler.js:252
[ 2432075ms] [WARNING] [Vue warn]: Property "name" was accessed during render but is not defined on instance. 
  at <Gsrbr010101 onVnodeUnmounted=fn<onVnodeUnmounted> ref=Ref< Proxy(Object) > lang="en" > 
  at <RouterView> 
  at <App onVnodeUnmounted=fn<onVnodeUnmounted> ref=Ref< Proxy(Object) > lang="en" > 
  at <RouterView> 
  at <App> @ webpack-internal:///./node_modules/@vue/runtime-core/dist/runtime-core.esm-bundler.js:252
[ 2432075ms] [WARNING] [Vue warn]: Property "name" was accessed during render but is not defined on instance. 
  at <Gsrbr010101 onVnodeUnmounted=fn<onVnodeUnmounted> ref=Ref< Proxy(Object) > lang="en" > 
  at <RouterView> 
  at <App onVnodeUnmounted=fn<onVnodeUnmounted> ref=Ref< Proxy(Object) > lang="en" > 
  at <RouterView> 
  at <App> @ webpack-internal:///./node_modules/@vue/runtime-core/dist/runtime-core.esm-bundler.js:252
[ 2432076ms] [WARNING] [Vue warn]: Property "name" was accessed during render but is not defined on instance. 
  at <Gsrbr010101 onVnodeUnmounted=fn<onVnodeUnmounted> ref=Ref< Proxy(Object) > lang="en" > 
  at <RouterView> 
  at <App onVnodeUnmounted=fn<onVnodeUnmounted> ref=Ref< Proxy(Object) > lang="en" > 
  at <RouterView> 
  at <App> @ webpack-internal:///./node_modules/@vue/runtime-core/dist/runtime-core.esm-bundler.js:252
[ 2432076ms] [WARNING] [Vue warn]: Property "name" was accessed during render but is not defined on instance. 
  at <Gsrbr010101 onVnodeUnmounted=fn<onVnodeUnmounted> ref=Ref< Proxy(Object) > lang="en" > 
  at <RouterView> 
  at <App onVnodeUnmounted=fn<onVnodeUnmounted> ref=Ref< Proxy(Object) > lang="en" > 
  at <RouterView> 
  at <App> @ webpack-internal:///./node_modules/@vue/runtime-core/dist/runtime-core.esm-bundler.js:252
[ 2432077ms] [WARNING] [Vue warn]: Property "name" was accessed during render but is not defined on instance. 
  at <Gsrbr010101 onVnodeUnmounted=fn<onVnodeUnmounted> ref=Ref< Proxy(Object) > lang="en" > 
  at <RouterView> 
  at <App onVnodeUnmounted=fn<onVnodeUnmounted> ref=Ref< Proxy(Object) > lang="en" > 
  at <RouterView> 
  at <App> @ webpack-internal:///./node_modules/@vue/runtime-core/dist/runtime-core.esm-bundler.js:252
[ 2432077ms] [WARNING] [Vue warn]: Property "name" was accessed during render but is not defined on instance. 
  at <Gsrbr010101 onVnodeUnmounted=fn<onVnodeUnmounted> ref=Ref< Proxy(Object) > lang="en" > 
  at <RouterView> 
  at <App onVnodeUnmounted=fn<onVnodeUnmounted> ref=Ref< Proxy(Object) > lang="en" > 
  at <RouterView> 
  at <App> @ webpack-internal:///./node_modules/@vue/runtime-core/dist/runtime-core.esm-bundler.js:252
[ 2432078ms] [WARNING] [Vue warn]: Property "name" was accessed during render but is not defined on instance. 
  at <Gsrbr010101 onVnodeUnmounted=fn<onVnodeUnmounted> ref=Ref< Proxy(Object) > lang="en" > 
  at <RouterView> 
  at <App onVnodeUnmounted=fn<onVnodeUnmounted> ref=Ref< Proxy(Object) > lang="en" > 
  at <RouterView> 
  at <App> @ webpack-internal:///./node_modules/@vue/runtime-core/dist/runtime-core.esm-bundler.js:252
[ 2432078ms] [WARNING] [Vue warn]: Property "name" was accessed during render but is not defined on instance. 
  at <Gsrbr010101 onVnodeUnmounted=fn<onVnodeUnmounted> ref=Ref< Proxy(Object) > lang="en" > 
  at <RouterView> 
  at <App onVnodeUnmounted=fn<onVnodeUnmounted> ref=Ref< Proxy(Object) > lang="en" > 
  at <RouterView> 
  at <App> @ webpack-internal:///./node_modules/@vue/runtime-core/dist/runtime-core.esm-bundler.js:252
[ 2432079ms] [WARNING] [Vue warn]: Property "name" was accessed during render but is not defined on instance. 
  at <Gsrbr010101 onVnodeUnmounted=fn<onVnodeUnmounted> ref=Ref< Proxy(Object) > lang="en" > 
  at <RouterView> 
  at <App onVnodeUnmounted=fn<onVnodeUnmounted> ref=Ref< Proxy(Object) > lang="en" > 
  at <RouterView> 
  at <App> @ webpack-internal:///./node_modules/@vue/runtime-core/dist/runtime-core.esm-bundler.js:252
[ 2432079ms] [WARNING] [Vue warn]: Property "name" was accessed during render but is not defined on instance. 
  at <Gsrbr010101 onVnodeUnmounted=fn<onVnodeUnmounted> ref=Ref< Proxy(Object) > lang="en" > 
  at <RouterView> 
  at <App onVnodeUnmounted=fn<onVnodeUnmounted> ref=Ref< Proxy(Object) > lang="en" > 
  at <RouterView> 
  at <App> @ webpack-internal:///./node_modules/@vue/runtime-core/dist/runtime-core.esm-bundler.js:252
[ 2438833ms] [WARNING] [Vue warn]: Property "name" was accessed during render but is not defined on instance. 
  at <Gsrbr010101 onVnodeUnmounted=fn<onVnodeUnmounted> ref=Ref< Proxy(Object) > lang="ko" > 
  at <RouterView> 
  at <App onVnodeUnmounted=fn<onVnodeUnmounted> ref=Ref< Proxy(Object) > lang="ko" > 
  at <RouterView> 
  at <App> @ webpack-internal:///./node_modules/@vue/runtime-core/dist/runtime-core.esm-bundler.js:252
[ 2438833ms] [WARNING] [Vue warn]: Property "name" was accessed during render but is not defined on instance. 
  at <Gsrbr010101 onVnodeUnmounted=fn<onVnodeUnmounted> ref=Ref< Proxy(Object) > lang="ko" > 
  at <RouterView> 
  at <App onVnodeUnmounted=fn<onVnodeUnmounted> ref=Ref< Proxy(Object) > lang="ko" > 
  at <RouterView> 
  at <App> @ webpack-internal:///./node_modules/@vue/runtime-core/dist/runtime-core.esm-bundler.js:252
[ 2438834ms] [WARNING] [Vue warn]: Property "name" was accessed during render but is not defined on instance. 
  at <Gsrbr010101 onVnodeUnmounted=fn<onVnodeUnmounted> ref=Ref< Proxy(Object) > lang="ko" > 
  at <RouterView> 
  at <App onVnodeUnmounted=fn<onVnodeUnmounted> ref=Ref< Proxy(Object) > lang="ko" > 
  at <RouterView> 
  at <App> @ webpack-internal:///./node_modules/@vue/runtime-core/dist/runtime-core.esm-bundler.js:252
[ 2438834ms] [WARNING] [Vue warn]: Property "name" was accessed during render but is not defined on instance. 
  at <Gsrbr010101 onVnodeUnmounted=fn<onVnodeUnmounted> ref=Ref< Proxy(Object) > lang="ko" > 
  at <RouterView> 
  at <App onVnodeUnmounted=fn<onVnodeUnmounted> ref=Ref< Proxy(Object) > lang="ko" > 
  at <RouterView> 
  at <App> @ webpack-internal:///./node_modules/@vue/runtime-core/dist/runtime-core.esm-bundler.js:252
[ 2438834ms] [WARNING] [Vue warn]: Property "name" was accessed during render but is not defined on instance. 
  at <Gsrbr010101 onVnodeUnmounted=fn<onVnodeUnmounted> ref=Ref< Proxy(Object) > lang="ko" > 
  at <RouterView> 
  at <App onVnodeUnmounted=fn<onVnodeUnmounted> ref=Ref< Proxy(Object) > lang="ko" > 
  at <RouterView> 
  at <App> @ webpack-internal:///./node_modules/@vue/runtime-core/dist/runtime-core.esm-bundler.js:252
[ 2438835ms] [WARNING] [Vue warn]: Property "name" was accessed during render but is not defined on instance. 
  at <Gsrbr010101 onVnodeUnmounted=fn<onVnodeUnmounted> ref=Ref< Proxy(Object) > lang="ko" > 
  at <RouterView> 
  at <App onVnodeUnmounted=fn<onVnodeUnmounted> ref=Ref< Proxy(Object) > lang="ko" > 
  at <RouterView> 
  at <App> @ webpack-internal:///./node_modules/@vue/runtime-core/dist/runtime-core.esm-bundler.js:252
[ 2438835ms] [WARNING] [Vue warn]: Property "name" was accessed during render but is not defined on instance. 
  at <Gsrbr010101 onVnodeUnmounted=fn<onVnodeUnmounted> ref=Ref< Proxy(Object) > lang="ko" > 
  at <RouterView> 
  at <App onVnodeUnmounted=fn<onVnodeUnmounted> ref=Ref< Proxy(Object) > lang="ko" > 
  at <RouterView> 
  at <App> @ webpack-internal:///./node_modules/@vue/runtime-core/dist/runtime-core.esm-bundler.js:252
[ 2438835ms] [WARNING] [Vue warn]: Property "name" was accessed during render but is not defined on instance. 
  at <Gsrbr010101 onVnodeUnmounted=fn<onVnodeUnmounted> ref=Ref< Proxy(Object) > lang="ko" > 
  at <RouterView> 
  at <App onVnodeUnmounted=fn<onVnodeUnmounted> ref=Ref< Proxy(Object) > lang="ko" > 
  at <RouterView> 
  at <App> @ webpack-internal:///./node_modules/@vue/runtime-core/dist/runtime-core.esm-bundler.js:252
[ 2438836ms] [WARNING] [Vue warn]: Property "name" was accessed during render but is not defined on instance. 
  at <Gsrbr010101 onVnodeUnmounted=fn<onVnodeUnmounted> ref=Ref< Proxy(Object) > lang="ko" > 
  at <RouterView> 
  at <App onVnodeUnmounted=fn<onVnodeUnmounted> ref=Ref< Proxy(Object) > lang="ko" > 
  at <RouterView> 
  at <App> @ webpack-internal:///./node_modules/@vue/runtime-core/dist/runtime-core.esm-bundler.js:252
[ 2438836ms] [WARNING] [Vue warn]: Property "name" was accessed during render but is not defined on instance. 
  at <Gsrbr010101 onVnodeUnmounted=fn<onVnodeUnmounted> ref=Ref< Proxy(Object) > lang="ko" > 
  at <RouterView> 
  at <App onVnodeUnmounted=fn<onVnodeUnmounted> ref=Ref< Proxy(Object) > lang="ko" > 
  at <RouterView> 
  at <App> @ webpack-internal:///./node_modules/@vue/runtime-core/dist/runtime-core.esm-bundler.js:252
[ 2438837ms] [WARNING] [Vue warn]: Property "name" was accessed during render but is not defined on instance. 
  at <Gsrbr010101 onVnodeUnmounted=fn<onVnodeUnmounted> ref=Ref< Proxy(Object) > lang="ko" > 
  at <RouterView> 
  at <App onVnodeUnmounted=fn<onVnodeUnmounted> ref=Ref< Proxy(Object) > lang="ko" > 
  at <RouterView> 
  at <App> @ webpack-internal:///./node_modules/@vue/runtime-core/dist/runtime-core.esm-bundler.js:252
[ 2443530ms] [WARNING] [Vue warn]: Property "name" was accessed during render but is not defined on instance. 
  at <Gsrbr010101 onVnodeUnmounted=fn<onVnodeUnmounted> ref=Ref< Proxy(Object) > lang="en" > 
  at <RouterView> 
  at <App onVnodeUnmounted=fn<onVnodeUnmounted> ref=Ref< Proxy(Object) > lang="en" > 
  at <RouterView> 
  at <App> @ webpack-internal:///./node_modules/@vue/runtime-core/dist/runtime-core.esm-bundler.js:252
[ 2443531ms] [WARNING] [Vue warn]: Property "name" was accessed during render but is not defined on instance. 
  at <Gsrbr010101 onVnodeUnmounted=fn<onVnodeUnmounted> ref=Ref< Proxy(Object) > lang="en" > 
  at <RouterView> 
  at <App onVnodeUnmounted=fn<onVnodeUnmounted> ref=Ref< Proxy(Object) > lang="en" > 
  at <RouterView> 
  at <App> @ webpack-internal:///./node_modules/@vue/runtime-core/dist/runtime-core.esm-bundler.js:252
[ 2443532ms] [WARNING] [Vue warn]: Property "name" was accessed during render but is not defined on instance. 
  at <Gsrbr010101 onVnodeUnmounted=fn<onVnodeUnmounted> ref=Ref< Proxy(Object) > lang="en" > 
  at <RouterView> 
  at <App onVnodeUnmounted=fn<onVnodeUnmounted> ref=Ref< Proxy(Object) > lang="en" > 
  at <RouterView> 
  at <App> @ webpack-internal:///./node_modules/@vue/runtime-core/dist/runtime-core.esm-bundler.js:252
[ 2443532ms] [WARNING] [Vue warn]: Property "name" was accessed during render but is not defined on instance. 
  at <Gsrbr010101 onVnodeUnmounted=fn<onVnodeUnmounted> ref=Ref< Proxy(Object) > lang="en" > 
  at <RouterView> 
  at <App onVnodeUnmounted=fn<onVnodeUnmounted> ref=Ref< Proxy(Object) > lang="en" > 
  at <RouterView> 
  at <App> @ webpack-internal:///./node_modules/@vue/runtime-core/dist/runtime-core.esm-bundler.js:252
[ 2443533ms] [WARNING] [Vue warn]: Property "name" was accessed during render but is not defined on instance. 
  at <Gsrbr010101 onVnodeUnmounted=fn<onVnodeUnmounted> ref=Ref< Proxy(Object) > lang="en" > 
  at <RouterView> 
  at <App onVnodeUnmounted=fn<onVnodeUnmounted> ref=Ref< Proxy(Object) > lang="en" > 
  at <RouterView> 
  at <App> @ webpack-internal:///./node_modules/@vue/runtime-core/dist/runtime-core.esm-bundler.js:252
[ 2443533ms] [WARNING] [Vue warn]: Property "name" was accessed during render but is not defined on instance. 
  at <Gsrbr010101 onVnodeUnmounted=fn<onVnodeUnmounted> ref=Ref< Proxy(Object) > lang="en" > 
  at <RouterView> 
  at <App onVnodeUnmounted=fn<onVnodeUnmounted> ref=Ref< Proxy(Object) > lang="en" > 
  at <RouterView> 
  at <App> @ webpack-internal:///./node_modules/@vue/runtime-core/dist/runtime-core.esm-bundler.js:252
[ 2443534ms] [WARNING] [Vue warn]: Property "name" was accessed during render but is not defined on instance. 
  at <Gsrbr010101 onVnodeUnmounted=fn<onVnodeUnmounted> ref=Ref< Proxy(Object) > lang="en" > 
  at <RouterView> 
  at <App onVnodeUnmounted=fn<onVnodeUnmounted> ref=Ref< Proxy(Object) > lang="en" > 
  at <RouterView> 
  at <App> @ webpack-internal:///./node_modules/@vue/runtime-core/dist/runtime-core.esm-bundler.js:252
[ 2443534ms] [WARNING] [Vue warn]: Property "name" was accessed during render but is not defined on instance. 
  at <Gsrbr010101 onVnodeUnmounted=fn<onVnodeUnmounted> ref=Ref< Proxy(Object) > lang="en" > 
  at <RouterView> 
  at <App onVnodeUnmounted=fn<onVnodeUnmounted> ref=Ref< Proxy(Object) > lang="en" > 
  at <RouterView> 
  at <App> @ webpack-internal:///./node_modules/@vue/runtime-core/dist/runtime-core.esm-bundler.js:252
[ 2443535ms] [WARNING] [Vue warn]: Property "name" was accessed during render but is not defined on instance. 
  at <Gsrbr010101 onVnodeUnmounted=fn<onVnodeUnmounted> ref=Ref< Proxy(Object) > lang="en" > 
  at <RouterView> 
  at <App onVnodeUnmounted=fn<onVnodeUnmounted> ref=Ref< Proxy(Object) > lang="en" > 
  at <RouterView> 
  at <App> @ webpack-internal:///./node_modules/@vue/runtime-core/dist/runtime-core.esm-bundler.js:252
[ 2443535ms] [WARNING] [Vue warn]: Property "name" was accessed during render but is not defined on instance. 
  at <Gsrbr010101 onVnodeUnmounted=fn<onVnodeUnmounted> ref=Ref< Proxy(Object) > lang="en" > 
  at <RouterView> 
  at <App onVnodeUnmounted=fn<onVnodeUnmounted> ref=Ref< Proxy(Object) > lang="en" > 
  at <RouterView> 
  at <App> @ webpack-internal:///./node_modules/@vue/runtime-core/dist/runtime-core.esm-bundler.js:252
[ 2443536ms] [WARNING] [Vue warn]: Property "name" was accessed during render but is not defined on instance. 
  at <Gsrbr010101 onVnodeUnmounted=fn<onVnodeUnmounted> ref=Ref< Proxy(Object) > lang="en" > 
  at <RouterView> 
  at <App onVnodeUnmounted=fn<onVnodeUnmounted> ref=Ref< Proxy(Object) > lang="en" > 
  at <RouterView> 
  at <App> @ webpack-internal:///./node_modules/@vue/runtime-core/dist/runtime-core.esm-bundler.js:252
[ 2449142ms] [WARNING] [Vue warn]: Property "name" was accessed during render but is not defined on instance. 
  at <Gsrbr010101 onVnodeUnmounted=fn<onVnodeUnmounted> ref=Ref< Proxy(Object) > lang="en" > 
  at <RouterView> 
  at <App onVnodeUnmounted=fn<onVnodeUnmounted> ref=Ref< Proxy(Object) > lang="en" > 
  at <RouterView> 
  at <App> @ webpack-internal:///./node_modules/@vue/runtime-core/dist/runtime-core.esm-bundler.js:252
[ 2449142ms] [WARNING] [Vue warn]: Property "name" was accessed during render but is not defined on instance. 
  at <Gsrbr010101 onVnodeUnmounted=fn<onVnodeUnmounted> ref=Ref< Proxy(Object) > lang="en" > 
  at <RouterView> 
  at <App onVnodeUnmounted=fn<onVnodeUnmounted> ref=Ref< Proxy(Object) > lang="en" > 
  at <RouterView> 
  at <App> @ webpack-internal:///./node_modules/@vue/runtime-core/dist/runtime-core.esm-bundler.js:252
[ 2449143ms] [WARNING] [Vue warn]: Property "name" was accessed during render but is not defined on instance. 
  at <Gsrbr010101 onVnodeUnmounted=fn<onVnodeUnmounted> ref=Ref< Proxy(Object) > lang="en" > 
  at <RouterView> 
  at <App onVnodeUnmounted=fn<onVnodeUnmounted> ref=Ref< Proxy(Object) > lang="en" > 
  at <RouterView> 
  at <App> @ webpack-internal:///./node_modules/@vue/runtime-core/dist/runtime-core.esm-bundler.js:252
[ 2449143ms] [WARNING] [Vue warn]: Property "name" was accessed during render but is not defined on instance. 
  at <Gsrbr010101 onVnodeUnmounted=fn<onVnodeUnmounted> ref=Ref< Proxy(Object) > lang="en" > 
  at <RouterView> 
  at <App onVnodeUnmounted=fn<onVnodeUnmounted> ref=Ref< Proxy(Object) > lang="en" > 
  at <RouterView> 
  at <App> @ webpack-internal:///./node_modules/@vue/runtime-core/dist/runtime-core.esm-bundler.js:252
[ 2449144ms] [WARNING] [Vue warn]: Property "name" was accessed during render but is not defined on instance. 
  at <Gsrbr010101 onVnodeUnmounted=fn<onVnodeUnmounted> ref=Ref< Proxy(Object) > lang="en" > 
  at <RouterView> 
  at <App onVnodeUnmounted=fn<onVnodeUnmounted> ref=Ref< Proxy(Object) > lang="en" > 
  at <RouterView> 
  at <App> @ webpack-internal:///./node_modules/@vue/runtime-core/dist/runtime-core.esm-bundler.js:252
[ 2449145ms] [WARNING] [Vue warn]: Property "name" was accessed during render but is not defined on instance. 
  at <Gsrbr010101 onVnodeUnmounted=fn<onVnodeUnmounted> ref=Ref< Proxy(Object) > lang="en" > 
  at <RouterView> 
  at <App onVnodeUnmounted=fn<onVnodeUnmounted> ref=Ref< Proxy(Object) > lang="en" > 
  at <RouterView> 
  at <App> @ webpack-internal:///./node_modules/@vue/runtime-core/dist/runtime-core.esm-bundler.js:252
[ 2449145ms] [WARNING] [Vue warn]: Property "name" was accessed during render but is not defined on instance. 
  at <Gsrbr010101 onVnodeUnmounted=fn<onVnodeUnmounted> ref=Ref< Proxy(Object) > lang="en" > 
  at <RouterView> 
  at <App onVnodeUnmounted=fn<onVnodeUnmounted> ref=Ref< Proxy(Object) > lang="en" > 
  at <RouterView> 
  at <App> @ webpack-internal:///./node_modules/@vue/runtime-core/dist/runtime-core.esm-bundler.js:252
[ 2449146ms] [WARNING] [Vue warn]: Property "name" was accessed during render but is not defined on instance. 
  at <Gsrbr010101 onVnodeUnmounted=fn<onVnodeUnmounted> ref=Ref< Proxy(Object) > lang="en" > 
  at <RouterView> 
  at <App onVnodeUnmounted=fn<onVnodeUnmounted> ref=Ref< Proxy(Object) > lang="en" > 
  at <RouterView> 
  at <App> @ webpack-internal:///./node_modules/@vue/runtime-core/dist/runtime-core.esm-bundler.js:252
[ 2449146ms] [WARNING] [Vue warn]: Property "name" was accessed during render but is not defined on instance. 
  at <Gsrbr010101 onVnodeUnmounted=fn<onVnodeUnmounted> ref=Ref< Proxy(Object) > lang="en" > 
  at <RouterView> 
  at <App onVnodeUnmounted=fn<onVnodeUnmounted> ref=Ref< Proxy(Object) > lang="en" > 
  at <RouterView> 
  at <App> @ webpack-internal:///./node_modules/@vue/runtime-core/dist/runtime-core.esm-bundler.js:252
[ 2449147ms] [WARNING] [Vue warn]: Property "name" was accessed during render but is not defined on instance. 
  at <Gsrbr010101 onVnodeUnmounted=fn<onVnodeUnmounted> ref=Ref< Proxy(Object) > lang="en" > 
  at <RouterView> 
  at <App onVnodeUnmounted=fn<onVnodeUnmounted> ref=Ref< Proxy(Object) > lang="en" > 
  at <RouterView> 
  at <App> @ webpack-internal:///./node_modules/@vue/runtime-core/dist/runtime-core.esm-bundler.js:252
[ 2449147ms] [WARNING] [Vue warn]: Property "name" was accessed during render but is not defined on instance. 
  at <Gsrbr010101 onVnodeUnmounted=fn<onVnodeUnmounted> ref=Ref< Proxy(Object) > lang="en" > 
  at <RouterView> 
  at <App onVnodeUnmounted=fn<onVnodeUnmounted> ref=Ref< Proxy(Object) > lang="en" > 
  at <RouterView> 
  at <App> @ webpack-internal:///./node_modules/@vue/runtime-core/dist/runtime-core.esm-bundler.js:252
[ 2451359ms] [WARNING] [Vue warn]: Property "name" was accessed during render but is not defined on instance. 
  at <Gsrbr010101 onVnodeUnmounted=fn<onVnodeUnmounted> ref=Ref< Proxy(Object) > lang="en" > 
  at <RouterView> 
  at <App onVnodeUnmounted=fn<onVnodeUnmounted> ref=Ref< Proxy(Object) > lang="en" > 
  at <RouterView> 
  at <App> @ webpack-internal:///./node_modules/@vue/runtime-core/dist/runtime-core.esm-bundler.js:252
[ 2451360ms] [WARNING] [Vue warn]: Property "name" was accessed during render but is not defined on instance. 
  at <Gsrbr010101 onVnodeUnmounted=fn<onVnodeUnmounted> ref=Ref< Proxy(Object) > lang="en" > 
  at <RouterView> 
  at <App onVnodeUnmounted=fn<onVnodeUnmounted> ref=Ref< Proxy(Object) > lang="en" > 
  at <RouterView> 
  at <App> @ webpack-internal:///./node_modules/@vue/runtime-core/dist/runtime-core.esm-bundler.js:252
[ 2451360ms] [WARNING] [Vue warn]: Property "name" was accessed during render but is not defined on instance. 
  at <Gsrbr010101 onVnodeUnmounted=fn<onVnodeUnmounted> ref=Ref< Proxy(Object) > lang="en" > 
  at <RouterView> 
  at <App onVnodeUnmounted=fn<onVnodeUnmounted> ref=Ref< Proxy(Object) > lang="en" > 
  at <RouterView> 
  at <App> @ webpack-internal:///./node_modules/@vue/runtime-core/dist/runtime-core.esm-bundler.js:252
[ 2451360ms] [WARNING] [Vue warn]: Property "name" was accessed during render but is not defined on instance. 
  at <Gsrbr010101 onVnodeUnmounted=fn<onVnodeUnmounted> ref=Ref< Proxy(Object) > lang="en" > 
  at <RouterView> 
  at <App onVnodeUnmounted=fn<onVnodeUnmounted> ref=Ref< Proxy(Object) > lang="en" > 
  at <RouterView> 
  at <App> @ webpack-internal:///./node_modules/@vue/runtime-core/dist/runtime-core.esm-bundler.js:252
[ 2451360ms] [WARNING] [Vue warn]: Property "name" was accessed during render but is not defined on instance. 
  at <Gsrbr010101 onVnodeUnmounted=fn<onVnodeUnmounted> ref=Ref< Proxy(Object) > lang="en" > 
  at <RouterView> 
  at <App onVnodeUnmounted=fn<onVnodeUnmounted> ref=Ref< Proxy(Object) > lang="en" > 
  at <RouterView> 
  at <App> @ webpack-internal:///./node_modules/@vue/runtime-core/dist/runtime-core.esm-bundler.js:252
[ 2451361ms] [WARNING] [Vue warn]: Property "name" was accessed during render but is not defined on instance. 
  at <Gsrbr010101 onVnodeUnmounted=fn<onVnodeUnmounted> ref=Ref< Proxy(Object) > lang="en" > 
  at <RouterView> 
  at <App onVnodeUnmounted=fn<onVnodeUnmounted> ref=Ref< Proxy(Object) > lang="en" > 
  at <RouterView> 
  at <App> @ webpack-internal:///./node_modules/@vue/runtime-core/dist/runtime-core.esm-bundler.js:252
[ 2451361ms] [WARNING] [Vue warn]: Property "name" was accessed during render but is not defined on instance. 
  at <Gsrbr010101 onVnodeUnmounted=fn<onVnodeUnmounted> ref=Ref< Proxy(Object) > lang="en" > 
  at <RouterView> 
  at <App onVnodeUnmounted=fn<onVnodeUnmounted> ref=Ref< Proxy(Object) > lang="en" > 
  at <RouterView> 
  at <App> @ webpack-internal:///./node_modules/@vue/runtime-core/dist/runtime-core.esm-bundler.js:252
[ 2451361ms] [WARNING] [Vue warn]: Property "name" was accessed during render but is not defined on instance. 
  at <Gsrbr010101 onVnodeUnmounted=fn<onVnodeUnmounted> ref=Ref< Proxy(Object) > lang="en" > 
  at <RouterView> 
  at <App onVnodeUnmounted=fn<onVnodeUnmounted> ref=Ref< Proxy(Object) > lang="en" > 
  at <RouterView> 
  at <App> @ webpack-internal:///./node_modules/@vue/runtime-core/dist/runtime-core.esm-bundler.js:252
[ 2451361ms] [WARNING] [Vue warn]: Property "name" was accessed during render but is not defined on instance. 
  at <Gsrbr010101 onVnodeUnmounted=fn<onVnodeUnmounted> ref=Ref< Proxy(Object) > lang="en" > 
  at <RouterView> 
  at <App onVnodeUnmounted=fn<onVnodeUnmounted> ref=Ref< Proxy(Object) > lang="en" > 
  at <RouterView> 
  at <App> @ webpack-internal:///./node_modules/@vue/runtime-core/dist/runtime-core.esm-bundler.js:252
[ 2451361ms] [WARNING] [Vue warn]: Property "name" was accessed during render but is not defined on instance. 
  at <Gsrbr010101 onVnodeUnmounted=fn<onVnodeUnmounted> ref=Ref< Proxy(Object) > lang="en" > 
  at <RouterView> 
  at <App onVnodeUnmounted=fn<onVnodeUnmounted> ref=Ref< Proxy(Object) > lang="en" > 
  at <RouterView> 
  at <App> @ webpack-internal:///./node_modules/@vue/runtime-core/dist/runtime-core.esm-bundler.js:252
[ 2451362ms] [WARNING] [Vue warn]: Property "name" was accessed during render but is not defined on instance. 
  at <Gsrbr010101 onVnodeUnmounted=fn<onVnodeUnmounted> ref=Ref< Proxy(Object) > lang="en" > 
  at <RouterView> 
  at <App onVnodeUnmounted=fn<onVnodeUnmounted> ref=Ref< Proxy(Object) > lang="en" > 
  at <RouterView> 
  at <App> @ webpack-internal:///./node_modules/@vue/runtime-core/dist/runtime-core.esm-bundler.js:252
[ 2452127ms] [WARNING] [Vue warn]: Property "name" was accessed during render but is not defined on instance. 
  at <Gsrbr010101 onVnodeUnmounted=fn<onVnodeUnmounted> ref=Ref< Proxy(Object) > lang="en" > 
  at <RouterView> 
  at <App onVnodeUnmounted=fn<onVnodeUnmounted> ref=Ref< Proxy(Object) > lang="en" > 
  at <RouterView> 
  at <App> @ webpack-internal:///./node_modules/@vue/runtime-core/dist/runtime-core.esm-bundler.js:252
[ 2452127ms] [WARNING] [Vue warn]: Property "name" was accessed during render but is not defined on instance. 
  at <Gsrbr010101 onVnodeUnmounted=fn<onVnodeUnmounted> ref=Ref< Proxy(Object) > lang="en" > 
  at <RouterView> 
  at <App onVnodeUnmounted=fn<onVnodeUnmounted> ref=Ref< Proxy(Object) > lang="en" > 
  at <RouterView> 
  at <App> @ webpack-internal:///./node_modules/@vue/runtime-core/dist/runtime-core.esm-bundler.js:252
[ 2452128ms] [WARNING] [Vue warn]: Property "name" was accessed during render but is not defined on instance. 
  at <Gsrbr010101 onVnodeUnmounted=fn<onVnodeUnmounted> ref=Ref< Proxy(Object) > lang="en" > 
  at <RouterView> 
  at <App onVnodeUnmounted=fn<onVnodeUnmounted> ref=Ref< Proxy(Object) > lang="en" > 
  at <RouterView> 
  at <App> @ webpack-internal:///./node_modules/@vue/runtime-core/dist/runtime-core.esm-bundler.js:252
[ 2452128ms] [WARNING] [Vue warn]: Property "name" was accessed during render but is not defined on instance. 
  at <Gsrbr010101 onVnodeUnmounted=fn<onVnodeUnmounted> ref=Ref< Proxy(Object) > lang="en" > 
  at <RouterView> 
  at <App onVnodeUnmounted=fn<onVnodeUnmounted> ref=Ref< Proxy(Object) > lang="en" > 
  at <RouterView> 
  at <App> @ webpack-internal:///./node_modules/@vue/runtime-core/dist/runtime-core.esm-bundler.js:252
[ 2452129ms] [WARNING] [Vue warn]: Property "name" was accessed during render but is not defined on instance. 
  at <Gsrbr010101 onVnodeUnmounted=fn<onVnodeUnmounted> ref=Ref< Proxy(Object) > lang="en" > 
  at <RouterView> 
  at <App onVnodeUnmounted=fn<onVnodeUnmounted> ref=Ref< Proxy(Object) > lang="en" > 
  at <RouterView> 
  at <App> @ webpack-internal:///./node_modules/@vue/runtime-core/dist/runtime-core.esm-bundler.js:252
[ 2452129ms] [WARNING] [Vue warn]: Property "name" was accessed during render but is not defined on instance. 
  at <Gsrbr010101 onVnodeUnmounted=fn<onVnodeUnmounted> ref=Ref< Proxy(Object) > lang="en" > 
  at <RouterView> 
  at <App onVnodeUnmounted=fn<onVnodeUnmounted> ref=Ref< Proxy(Object) > lang="en" > 
  at <RouterView> 
  at <App> @ webpack-internal:///./node_modules/@vue/runtime-core/dist/runtime-core.esm-bundler.js:252
[ 2452130ms] [WARNING] [Vue warn]: Property "name" was accessed during render but is not defined on instance. 
  at <Gsrbr010101 onVnodeUnmounted=fn<onVnodeUnmounted> ref=Ref< Proxy(Object) > lang="en" > 
  at <RouterView> 
  at <App onVnodeUnmounted=fn<onVnodeUnmounted> ref=Ref< Proxy(Object) > lang="en" > 
  at <RouterView> 
  at <App> @ webpack-internal:///./node_modules/@vue/runtime-core/dist/runtime-core.esm-bundler.js:252
[ 2452130ms] [WARNING] [Vue warn]: Property "name" was accessed during render but is not defined on instance. 
  at <Gsrbr010101 onVnodeUnmounted=fn<onVnodeUnmounted> ref=Ref< Proxy(Object) > lang="en" > 
  at <RouterView> 
  at <App onVnodeUnmounted=fn<onVnodeUnmounted> ref=Ref< Proxy(Object) > lang="en" > 
  at <RouterView> 
  at <App> @ webpack-internal:///./node_modules/@vue/runtime-core/dist/runtime-core.esm-bundler.js:252
[ 2452131ms] [WARNING] [Vue warn]: Property "name" was accessed during render but is not defined on instance. 
  at <Gsrbr010101 onVnodeUnmounted=fn<onVnodeUnmounted> ref=Ref< Proxy(Object) > lang="en" > 
  at <RouterView> 
  at <App onVnodeUnmounted=fn<onVnodeUnmounted> ref=Ref< Proxy(Object) > lang="en" > 
  at <RouterView> 
  at <App> @ webpack-internal:///./node_modules/@vue/runtime-core/dist/runtime-core.esm-bundler.js:252
[ 2452132ms] [WARNING] [Vue warn]: Property "name" was accessed during render but is not defined on instance. 
  at <Gsrbr010101 onVnodeUnmounted=fn<onVnodeUnmounted> ref=Ref< Proxy(Object) > lang="en" > 
  at <RouterView> 
  at <App onVnodeUnmounted=fn<onVnodeUnmounted> ref=Ref< Proxy(Object) > lang="en" > 
  at <RouterView> 
  at <App> @ webpack-internal:///./node_modules/@vue/runtime-core/dist/runtime-core.esm-bundler.js:252
[ 2452132ms] [WARNING] [Vue warn]: Property "name" was accessed during render but is not defined on instance. 
  at <Gsrbr010101 onVnodeUnmounted=fn<onVnodeUnmounted> ref=Ref< Proxy(Object) > lang="en" > 
  at <RouterView> 
  at <App onVnodeUnmounted=fn<onVnodeUnmounted> ref=Ref< Proxy(Object) > lang="en" > 
  at <RouterView> 
  at <App> @ webpack-internal:///./node_modules/@vue/runtime-core/dist/runtime-core.esm-bundler.js:252
[ 2454840ms] [WARNING] [Vue warn]: Property "name" was accessed during render but is not defined on instance. 
  at <Gsrbr010101 onVnodeUnmounted=fn<onVnodeUnmounted> ref=Ref< Proxy(Object) > lang="en" > 
  at <RouterView> 
  at <App onVnodeUnmounted=fn<onVnodeUnmounted> ref=Ref< Proxy(Object) > lang="en" > 
  at <RouterView> 
  at <App> @ webpack-internal:///./node_modules/@vue/runtime-core/dist/runtime-core.esm-bundler.js:252
[ 2454841ms] [WARNING] [Vue warn]: Property "name" was accessed during render but is not defined on instance. 
  at <Gsrbr010101 onVnodeUnmounted=fn<onVnodeUnmounted> ref=Ref< Proxy(Object) > lang="en" > 
  at <RouterView> 
  at <App onVnodeUnmounted=fn<onVnodeUnmounted> ref=Ref< Proxy(Object) > lang="en" > 
  at <RouterView> 
  at <App> @ webpack-internal:///./node_modules/@vue/runtime-core/dist/runtime-core.esm-bundler.js:252
[ 2454841ms] [WARNING] [Vue warn]: Property "name" was accessed during render but is not defined on instance. 
  at <Gsrbr010101 onVnodeUnmounted=fn<onVnodeUnmounted> ref=Ref< Proxy(Object) > lang="en" > 
  at <RouterView> 
  at <App onVnodeUnmounted=fn<onVnodeUnmounted> ref=Ref< Proxy(Object) > lang="en" > 
  at <RouterView> 
  at <App> @ webpack-internal:///./node_modules/@vue/runtime-core/dist/runtime-core.esm-bundler.js:252
[ 2454842ms] [WARNING] [Vue warn]: Property "name" was accessed during render but is not defined on instance. 
  at <Gsrbr010101 onVnodeUnmounted=fn<onVnodeUnmounted> ref=Ref< Proxy(Object) > lang="en" > 
  at <RouterView> 
  at <App onVnodeUnmounted=fn<onVnodeUnmounted> ref=Ref< Proxy(Object) > lang="en" > 
  at <RouterView> 
  at <App> @ webpack-internal:///./node_modules/@vue/runtime-core/dist/runtime-core.esm-bundler.js:252
[ 2454842ms] [WARNING] [Vue warn]: Property "name" was accessed during render but is not defined on instance. 
  at <Gsrbr010101 onVnodeUnmounted=fn<onVnodeUnmounted> ref=Ref< Proxy(Object) > lang="en" > 
  at <RouterView> 
  at <App onVnodeUnmounted=fn<onVnodeUnmounted> ref=Ref< Proxy(Object) > lang="en" > 
  at <RouterView> 
  at <App> @ webpack-internal:///./node_modules/@vue/runtime-core/dist/runtime-core.esm-bundler.js:252
[ 2454842ms] [WARNING] [Vue warn]: Property "name" was accessed during render but is not defined on instance. 
  at <Gsrbr010101 onVnodeUnmounted=fn<onVnodeUnmounted> ref=Ref< Proxy(Object) > lang="en" > 
  at <RouterView> 
  at <App onVnodeUnmounted=fn<onVnodeUnmounted> ref=Ref< Proxy(Object) > lang="en" > 
  at <RouterView> 
  at <App> @ webpack-internal:///./node_modules/@vue/runtime-core/dist/runtime-core.esm-bundler.js:252
[ 2454843ms] [WARNING] [Vue warn]: Property "name" was accessed during render but is not defined on instance. 
  at <Gsrbr010101 onVnodeUnmounted=fn<onVnodeUnmounted> ref=Ref< Proxy(Object) > lang="en" > 
  at <RouterView> 
  at <App onVnodeUnmounted=fn<onVnodeUnmounted> ref=Ref< Proxy(Object) > lang="en" > 
  at <RouterView> 
  at <App> @ webpack-internal:///./node_modules/@vue/runtime-core/dist/runtime-core.esm-bundler.js:252
[ 2454843ms] [WARNING] [Vue warn]: Property "name" was accessed during render but is not defined on instance. 
  at <Gsrbr010101 onVnodeUnmounted=fn<onVnodeUnmounted> ref=Ref< Proxy(Object) > lang="en" > 
  at <RouterView> 
  at <App onVnodeUnmounted=fn<onVnodeUnmounted> ref=Ref< Proxy(Object) > lang="en" > 
  at <RouterView> 
  at <App> @ webpack-internal:///./node_modules/@vue/runtime-core/dist/runtime-core.esm-bundler.js:252
[ 2454843ms] [WARNING] [Vue warn]: Property "name" was accessed during render but is not defined on instance. 
  at <Gsrbr010101 onVnodeUnmounted=fn<onVnodeUnmounted> ref=Ref< Proxy(Object) > lang="en" > 
  at <RouterView> 
  at <App onVnodeUnmounted=fn<onVnodeUnmounted> ref=Ref< Proxy(Object) > lang="en" > 
  at <RouterView> 
  at <App> @ webpack-internal:///./node_modules/@vue/runtime-core/dist/runtime-core.esm-bundler.js:252
[ 2454844ms] [WARNING] [Vue warn]: Property "name" was accessed during render but is not defined on instance. 
  at <Gsrbr010101 onVnodeUnmounted=fn<onVnodeUnmounted> ref=Ref< Proxy(Object) > lang="en" > 
  at <RouterView> 
  at <App onVnodeUnmounted=fn<onVnodeUnmounted> ref=Ref< Proxy(Object) > lang="en" > 
  at <RouterView> 
  at <App> @ webpack-internal:///./node_modules/@vue/runtime-core/dist/runtime-core.esm-bundler.js:252
[ 2454844ms] [WARNING] [Vue warn]: Property "name" was accessed during render but is not defined on instance. 
  at <Gsrbr010101 onVnodeUnmounted=fn<onVnodeUnmounted> ref=Ref< Proxy(Object) > lang="en" > 
  at <RouterView> 
  at <App onVnodeUnmounted=fn<onVnodeUnmounted> ref=Ref< Proxy(Object) > lang="en" > 
  at <RouterView> 
  at <App> @ webpack-internal:///./node_modules/@vue/runtime-core/dist/runtime-core.esm-bundler.js:252
[ 2463442ms] [WARNING] [Vue warn]: Property "name" was accessed during render but is not defined on instance. 
  at <Gsrbr010101 onVnodeUnmounted=fn<onVnodeUnmounted> ref=Ref< Proxy(Object) > lang="ko" > 
  at <RouterView> 
  at <App onVnodeUnmounted=fn<onVnodeUnmounted> ref=Ref< Proxy(Object) > lang="ko" > 
  at <RouterView> 
  at <App> @ webpack-internal:///./node_modules/@vue/runtime-core/dist/runtime-core.esm-bundler.js:252
[ 2463442ms] [WARNING] [Vue warn]: Property "name" was accessed during render but is not defined on instance. 
  at <Gsrbr010101 onVnodeUnmounted=fn<onVnodeUnmounted> ref=Ref< Proxy(Object) > lang="ko" > 
  at <RouterView> 
  at <App onVnodeUnmounted=fn<onVnodeUnmounted> ref=Ref< Proxy(Object) > lang="ko" > 
  at <RouterView> 
  at <App> @ webpack-internal:///./node_modules/@vue/runtime-core/dist/runtime-core.esm-bundler.js:252
[ 2463443ms] [WARNING] [Vue warn]: Property "name" was accessed during render but is not defined on instance. 
  at <Gsrbr010101 onVnodeUnmounted=fn<onVnodeUnmounted> ref=Ref< Proxy(Object) > lang="ko" > 
  at <RouterView> 
  at <App onVnodeUnmounted=fn<onVnodeUnmounted> ref=Ref< Proxy(Object) > lang="ko" > 
  at <RouterView> 
  at <App> @ webpack-internal:///./node_modules/@vue/runtime-core/dist/runtime-core.esm-bundler.js:252
[ 2463443ms] [WARNING] [Vue warn]: Property "name" was accessed during render but is not defined on instance. 
  at <Gsrbr010101 onVnodeUnmounted=fn<onVnodeUnmounted> ref=Ref< Proxy(Object) > lang="ko" > 
  at <RouterView> 
  at <App onVnodeUnmounted=fn<onVnodeUnmounted> ref=Ref< Proxy(Object) > lang="ko" > 
  at <RouterView> 
  at <App> @ webpack-internal:///./node_modules/@vue/runtime-core/dist/runtime-core.esm-bundler.js:252
[ 2463444ms] [WARNING] [Vue warn]: Property "name" was accessed during render but is not defined on instance. 
  at <Gsrbr010101 onVnodeUnmounted=fn<onVnodeUnmounted> ref=Ref< Proxy(Object) > lang="ko" > 
  at <RouterView> 
  at <App onVnodeUnmounted=fn<onVnodeUnmounted> ref=Ref< Proxy(Object) > lang="ko" > 
  at <RouterView> 
  at <App> @ webpack-internal:///./node_modules/@vue/runtime-core/dist/runtime-core.esm-bundler.js:252
[ 2463444ms] [WARNING] [Vue warn]: Property "name" was accessed during render but is not defined on instance. 
  at <Gsrbr010101 onVnodeUnmounted=fn<onVnodeUnmounted> ref=Ref< Proxy(Object) > lang="ko" > 
  at <RouterView> 
  at <App onVnodeUnmounted=fn<onVnodeUnmounted> ref=Ref< Proxy(Object) > lang="ko" > 
  at <RouterView> 
  at <App> @ webpack-internal:///./node_modules/@vue/runtime-core/dist/runtime-core.esm-bundler.js:252
[ 2463444ms] [WARNING] [Vue warn]: Property "name" was accessed during render but is not defined on instance. 
  at <Gsrbr010101 onVnodeUnmounted=fn<onVnodeUnmounted> ref=Ref< Proxy(Object) > lang="ko" > 
  at <RouterView> 
  at <App onVnodeUnmounted=fn<onVnodeUnmounted> ref=Ref< Proxy(Object) > lang="ko" > 
  at <RouterView> 
  at <App> @ webpack-internal:///./node_modules/@vue/runtime-core/dist/runtime-core.esm-bundler.js:252
[ 2463445ms] [WARNING] [Vue warn]: Property "name" was accessed during render but is not defined on instance. 
  at <Gsrbr010101 onVnodeUnmounted=fn<onVnodeUnmounted> ref=Ref< Proxy(Object) > lang="ko" > 
  at <RouterView> 
  at <App onVnodeUnmounted=fn<onVnodeUnmounted> ref=Ref< Proxy(Object) > lang="ko" > 
  at <RouterView> 
  at <App> @ webpack-internal:///./node_modules/@vue/runtime-core/dist/runtime-core.esm-bundler.js:252
[ 2463445ms] [WARNING] [Vue warn]: Property "name" was accessed during render but is not defined on instance. 
  at <Gsrbr010101 onVnodeUnmounted=fn<onVnodeUnmounted> ref=Ref< Proxy(Object) > lang="ko" > 
  at <RouterView> 
  at <App onVnodeUnmounted=fn<onVnodeUnmounted> ref=Ref< Proxy(Object) > lang="ko" > 
  at <RouterView> 
  at <App> @ webpack-internal:///./node_modules/@vue/runtime-core/dist/runtime-core.esm-bundler.js:252
[ 2463446ms] [WARNING] [Vue warn]: Property "name" was accessed during render but is not defined on instance. 
  at <Gsrbr010101 onVnodeUnmounted=fn<onVnodeUnmounted> ref=Ref< Proxy(Object) > lang="ko" > 
  at <RouterView> 
  at <App onVnodeUnmounted=fn<onVnodeUnmounted> ref=Ref< Proxy(Object) > lang="ko" > 
  at <RouterView> 
  at <App> @ webpack-internal:///./node_modules/@vue/runtime-core/dist/runtime-core.esm-bundler.js:252
[ 2463446ms] [WARNING] [Vue warn]: Property "name" was accessed during render but is not defined on instance. 
  at <Gsrbr010101 onVnodeUnmounted=fn<onVnodeUnmounted> ref=Ref< Proxy(Object) > lang="ko" > 
  at <RouterView> 
  at <App onVnodeUnmounted=fn<onVnodeUnmounted> ref=Ref< Proxy(Object) > lang="ko" > 
  at <RouterView> 
  at <App> @ webpack-internal:///./node_modules/@vue/runtime-core/dist/runtime-core.esm-bundler.js:252
[ 2465587ms] [WARNING] [Vue warn]: Property "name" was accessed during render but is not defined on instance. 
  at <Gsrbr010101 onVnodeUnmounted=fn<onVnodeUnmounted> ref=Ref< Proxy(Object) > lang="en" > 
  at <RouterView> 
  at <App onVnodeUnmounted=fn<onVnodeUnmounted> ref=Ref< Proxy(Object) > lang="en" > 
  at <RouterView> 
  at <App> @ webpack-internal:///./node_modules/@vue/runtime-core/dist/runtime-core.esm-bundler.js:252
[ 2465588ms] [WARNING] [Vue warn]: Property "name" was accessed during render but is not defined on instance. 
  at <Gsrbr010101 onVnodeUnmounted=fn<onVnodeUnmounted> ref=Ref< Proxy(Object) > lang="en" > 
  at <RouterView> 
  at <App onVnodeUnmounted=fn<onVnodeUnmounted> ref=Ref< Proxy(Object) > lang="en" > 
  at <RouterView> 
  at <App> @ webpack-internal:///./node_modules/@vue/runtime-core/dist/runtime-core.esm-bundler.js:252
[ 2465589ms] [WARNING] [Vue warn]: Property "name" was accessed during render but is not defined on instance. 
  at <Gsrbr010101 onVnodeUnmounted=fn<onVnodeUnmounted> ref=Ref< Proxy(Object) > lang="en" > 
  at <RouterView> 
  at <App onVnodeUnmounted=fn<onVnodeUnmounted> ref=Ref< Proxy(Object) > lang="en" > 
  at <RouterView> 
  at <App> @ webpack-internal:///./node_modules/@vue/runtime-core/dist/runtime-core.esm-bundler.js:252
[ 2465589ms] [WARNING] [Vue warn]: Property "name" was accessed during render but is not defined on instance. 
  at <Gsrbr010101 onVnodeUnmounted=fn<onVnodeUnmounted> ref=Ref< Proxy(Object) > lang="en" > 
  at <RouterView> 
  at <App onVnodeUnmounted=fn<onVnodeUnmounted> ref=Ref< Proxy(Object) > lang="en" > 
  at <RouterView> 
  at <App> @ webpack-internal:///./node_modules/@vue/runtime-core/dist/runtime-core.esm-bundler.js:252
[ 2465590ms] [WARNING] [Vue warn]: Property "name" was accessed during render but is not defined on instance. 
  at <Gsrbr010101 onVnodeUnmounted=fn<onVnodeUnmounted> ref=Ref< Proxy(Object) > lang="en" > 
  at <RouterView> 
  at <App onVnodeUnmounted=fn<onVnodeUnmounted> ref=Ref< Proxy(Object) > lang="en" > 
  at <RouterView> 
  at <App> @ webpack-internal:///./node_modules/@vue/runtime-core/dist/runtime-core.esm-bundler.js:252
[ 2465591ms] [WARNING] [Vue warn]: Property "name" was accessed during render but is not defined on instance. 
  at <Gsrbr010101 onVnodeUnmounted=fn<onVnodeUnmounted> ref=Ref< Proxy(Object) > lang="en" > 
  at <RouterView> 
  at <App onVnodeUnmounted=fn<onVnodeUnmounted> ref=Ref< Proxy(Object) > lang="en" > 
  at <RouterView> 
  at <App> @ webpack-internal:///./node_modules/@vue/runtime-core/dist/runtime-core.esm-bundler.js:252
[ 2465591ms] [WARNING] [Vue warn]: Property "name" was accessed during render but is not defined on instance. 
  at <Gsrbr010101 onVnodeUnmounted=fn<onVnodeUnmounted> ref=Ref< Proxy(Object) > lang="en" > 
  at <RouterView> 
  at <App onVnodeUnmounted=fn<onVnodeUnmounted> ref=Ref< Proxy(Object) > lang="en" > 
  at <RouterView> 
  at <App> @ webpack-internal:///./node_modules/@vue/runtime-core/dist/runtime-core.esm-bundler.js:252
[ 2465591ms] [WARNING] [Vue warn]: Property "name" was accessed during render but is not defined on instance. 
  at <Gsrbr010101 onVnodeUnmounted=fn<onVnodeUnmounted> ref=Ref< Proxy(Object) > lang="en" > 
  at <RouterView> 
  at <App onVnodeUnmounted=fn<onVnodeUnmounted> ref=Ref< Proxy(Object) > lang="en" > 
  at <RouterView> 
  at <App> @ webpack-internal:///./node_modules/@vue/runtime-core/dist/runtime-core.esm-bundler.js:252
[ 2465592ms] [WARNING] [Vue warn]: Property "name" was accessed during render but is not defined on instance. 
  at <Gsrbr010101 onVnodeUnmounted=fn<onVnodeUnmounted> ref=Ref< Proxy(Object) > lang="en" > 
  at <RouterView> 
  at <App onVnodeUnmounted=fn<onVnodeUnmounted> ref=Ref< Proxy(Object) > lang="en" > 
  at <RouterView> 
  at <App> @ webpack-internal:///./node_modules/@vue/runtime-core/dist/runtime-core.esm-bundler.js:252
[ 2465592ms] [WARNING] [Vue warn]: Property "name" was accessed during render but is not defined on instance. 
  at <Gsrbr010101 onVnodeUnmounted=fn<onVnodeUnmounted> ref=Ref< Proxy(Object) > lang="en" > 
  at <RouterView> 
  at <App onVnodeUnmounted=fn<onVnodeUnmounted> ref=Ref< Proxy(Object) > lang="en" > 
  at <RouterView> 
  at <App> @ webpack-internal:///./node_modules/@vue/runtime-core/dist/runtime-core.esm-bundler.js:252
[ 2465593ms] [WARNING] [Vue warn]: Property "name" was accessed during render but is not defined on instance. 
  at <Gsrbr010101 onVnodeUnmounted=fn<onVnodeUnmounted> ref=Ref< Proxy(Object) > lang="en" > 
  at <RouterView> 
  at <App onVnodeUnmounted=fn<onVnodeUnmounted> ref=Ref< Proxy(Object) > lang="en" > 
  at <RouterView> 
  at <App> @ webpack-internal:///./node_modules/@vue/runtime-core/dist/runtime-core.esm-bundler.js:252
[ 2473601ms] [WARNING] [Vue Router warn]: The route named "Guide_wrap" has a child without a name and an empty path. Using that name won't render the empty path child so you probably want to move the name to the child instead. If this is intentional, add a name to the child route to remove the warning. @ webpack-internal:///./node_modules/vue-router/dist/devtools-EWN81iOl.mjs:142
